scientific_name,common_name,type_of_cancer,components,compound,part,region_found,reference,image,fda_approved_drug
Abelmoschus esculentus,Bhindi,"Breast cancer, hepatocellular carcinoma, cervical carcinoma","Carotene,flavonoid","Vitamins (B, C) , isoquercitrin ","Fruit, Seed","Uttar Pradesh, Bihar, West Bengal, Odisha, Assam, Andhra Pradesh and Karnataka.",https://ijair.org/administrator/components/com_jresearch/files/publications/IJAIR_2569_FINAL.pdf,Abelmoschus esculentus.jpeg,
Abrus precatorious,"Gunja, rosary pea, jequirity bean, or kundumani","Leukemia, Human small cell lung cancer",Protein,Abrin,Leaves,Throughout the plains of India,https://www.ijpsr.info/docs/IJPSR16-07-10-014.pdf,Abrus precatorious.jpeg,
Acacia catechu,"Cutch tree, Black catechu, Black cutch, Cashoo, Catechu,Wadalee gum",Esophagus cancer,Flavanol,"Catechins, Epicatechin","Bark, stem",Eastern slopes of the Western Ghats and the Himalayan tracts of India,https://link.springer.com/book/10.1007/978-981-32-9147-8,Acacia catechu.jpeg,
Acanthus ilicifolius,"Holly-leaved acanthus, sea holly, and holy mangrove, Hargoza","Lung fibroblast cells, ascites tumor","Triterpenoid , phytosterol","Betulinic acid, Taraxerol, β-Sitosterol, Stigmasterol","Leaves, root, and flower part","Andhra Pradesh, Karnataka, Kerala, Odisha, Andaman and Nicobar Islands, and South Andaman, Goa",https://link.springer.com/book/10.1007/978-981-32-9147-8,Acanthus ilicifolius.jpeg,
Achillea wilhelmsii,"Common Yarrow, Biranjasipha, Gandana","Colon cancer, breast cancer","Flavonoids, monoterpene","Salvigenin, 1,8-cineole and ɑ-piene",Leaves,"Himalayan region of Jammu & Kashmir, Himachal Pradesh, and Uttarakhand",https://doi.org/10.1177/2156587217696927,Achillea wilhelmsii.jpeg,
Achyranthes aspera,"Chaff-flower,Apamarga, Chirchita","Pancreas Cancer, Prostrate Cancer, Lung Cancer, and colon cancer","Alkaloid,Polysaccharide",Triterpenoid saponins,"Roots,Leaves extract","Andhra Pradesh, Telangana, Karnataka, Kerala, Maharashtra",https://link.springer.com/chapter/10.1007/978-3-319-93997-1_5,Achyranthes aspera.jpeg,
Acorus calamus,"Sweet flag,Vacha, Ugragandha, Gorbacc",Gastric cancer cells,Phenylpropanoid,"β-asarone, α- asarone, caryophyllene, eugenol",Rhizomes and leaves,"Himalayas, at altitudes of 100-2300 m and Western Ghats",https://doi.org/10.1007/978-981-13-7248-9,Acorus calamus.jpeg,
Acorus gramineus,"Dwarf sedge, Japanese rush, Grass-leaved sweetrush, Japanese sweet flag, Dwarf sweet flag",Esophageal cancer,Alkaloid,"Acoramol, Surinamensinol",Root,"Manipur, the Himalayas, Naga hills, and on the edges of lakes and streams",https://link.springer.com/book/10.1007/978-981-32-9147-8,Acorus gramineus.jpeg,
Adhatoda vasica,"Arusha, Vasaka, Malabar nut tree",Human lung carcinoma,"Alkaloid , phytosteerol","Bromhexine, Deoxyvasicinone, Peganine, Peganidine, Adhatodine, Daucosterol, Epitaxol","Leaves, root, and stem",Kerala,https://link.springer.com/book/10.1007/978-981-32-9147-8,Adhatoda vasica.jpeg,
Aegle marmelos,"Bael tree,Bengal quince, golden apple, Japanese bitter orange, stone apple, or wood apple","Human Lung Cancer and Breast Cancer, Pancreatic Adenocarcinoma, Human Epidermoid Carcinoma","Phenol ethers,pentacyclic triterpenoid","Marmelin,Lupeol",Hydrochloric leaf extracts,"Himalayan regions, Bengal, and Central and South India","https://journals.sagepub.com/doi/pdf/10.1177/1534735412451320#:~:text=With%20regard%20to%20antineoplastic%20activities,to%20be%20effective%20in%20selective",Aegle marmelos.jpeg,
Agapanthus africanus,African lily or lily of the Nile,Uterine Cancer and breast cancers,Flavonoid,Isoliquiritigenin,Root,North-east India,https://doi.org/10.1016/B978-0-12-817592-7.00023-X,Agapanthus africanus.jpeg,
Agave americana,"Rambans, Century plant",Breast cancer,Alkaloid,Arecoline,Leaves,Deccan plateau,https://ijair.org/administrator/components/com_jresearch/files/publications/IJAIR_2569_FINAL.pdf,Agave americana.jpeg,
Aglaia elaeagnoidea,"Droopy leaf, Priyangu","Prostate, breast, oral, and colon cancer",Triterpenoids,Triterpenes roxburghiadiol A,Fruit and apical part,"Andhra Pradesh, Karnataka, Kerala, Maharashtra, and Odisha",https://link.springer.com/book/10.1007/978-981-32-9147-8,Aglaia elaeagnoidea.jpeg,
Agrimonia pilosa,Hairy agrimony,Hepatocellular cancer,Tannins,Agrimoniin,Roots,Temperate and subalpine zones of Uttarakhand ,https://link.springer.com/chapter/10.1007/978-3-319-93997-1_5,Agrimonia pilosa.jpeg,
Ajuga bracteosa,Bugleweed,Brain tumor and liver cancer,Sulfamethoxazole,Bractin A,Plant,Kashmir and Himalayan region,https://link.springer.com/book/10.1007/978-981-32-9147-8,Ajuga bracteosa.jpeg,
Allium cepa,Onion,Human Gastric Cancer,"Polyphenols,flavonoids","Quercetin 3,7,4’-triglucoside, quercetin 7,4’- diglucoside,quercetin 3,4’-diglucoside, Isorhamnetin 3,4’-diglucoside, quercetin 3-glucoside, quercetin 4’-glucoside, isorhamnetin 4’-galactoside, isorhamnetin 4’-glucoside",Lyophilized A. cepa plant,"Maharashtra, Madhya Pradesh, Karnataka, Gujarat, Rajasthan, Bihar, Andhra Pradesh",https://doi.org/10.1016/B978-0-12-817592-7.00023-X,Allium cepa.jpeg,
Allium sativum,Garlic,"Gastrointestinal Cancer, Osteosarcoma, Melanoma, Glioblastoma, Colon Cancer, and Liver Cancer","Organosulfur compounds, sugars, lipids, essential amino acids, saponins, terpenes, vitamins, enzymes, flavonoids, and other phenolic compounds ","Alliin, allicin alliin, alliinase, S-allylcysteine (SAC), diallyldisulphide",Bulbs,"Punjab,West Bengal,Maharashtra, Himachal Pradesh,Uttarakhand,Jammu and Kashmir",https://doi.org/10.1016/B978-0-12-817592-7.00023-X,Allium sativum.jpeg,
Aloe barbadenis,Aloe vera,"Pleural Tumour, Ovarian Cancer",Anthraquinone,Aloesin,Leaves,Rajasthan,https://doi.org/10.1016/B978-0-12-817592-7.00023-X,Aloe barbadenis.jpeg,
Aloe ferox,"Cape aloe, Red aloe, Tap aloe, Bitteraalwyn, Bergaalwyn, iNlaba, iKhala",Human Breast Cancer and Cervical Cancer,Anthraquinone,"Aloe-emodin, emodin, aloin, Acemannan",Dichloromethane extract,"Rajasthan, Andhra Pradesh, Gujarat, Maharashtra, Tamil Nadu, Punjab, Arunachal Pradesh, Assam, Haryana",https://doi.org/10.1016/B978-0-12-817592-7.00023-X,Aloe ferox.jpeg,
Alpinia galangal,"Kulanjan,Dhumarashmi",Lung adenocarcinoma ,"Phenylpropanoid , flavonoid",1'-Acetoxychavicol Acetate (ACA) and Galangin,Ethanolic extract of rhizomes,"Western Ghats, Mysore, Goa, Malabar, and Gujarat",https://www.ijpsr.info/docs/IJPSR16-07-10-014.pdf,Alpinia galangal.jpeg,
Alstonia scholaris,"Blackboard tree, Indian devil tree, Milkwood pine, White cheesewood and pulai.",Lung cancer,"Triterpenoid, Alkaloid","Echitamine, Alstonine, Pleiocarpamine, Methylmacralstonine, Echitamine, Tubotaiwine, Akuammicine, Lupeol",Bark,"Sub-Himalayan tract, West Bengal, Bihar, Peninsular India, and Andaman Islands",https://link.springer.com/book/10.1007/978-981-32-9147-8,Alstonia scholaris.jpeg,
Ammi majus,Bishop's flower,Liver cancer,Phenol,Psoralens,Fruit,Jammu and Kashmir,https://doi.org/10.1177/2156587217696927,Ammi majus.jpeg,
Amorphophallus campanulatus,"Jimikand, Oal, Kuch, Bahukanda,  elephant yam",Human colon carcinoma,"Alkaloids, tannins, glycosides, phenols, flavonoids, saponins and carbohydrates","Betulinic acid,lupeol, stigmasterol, b-sitosterol, glucose, galactose, rhamnose,and xylose",Tuber methanolic extract,Kerala,https://www.ijpsr.info/docs/IJPSR16-07-10-014.pdf,Amorphophallus campanulatus.jpeg,
Andrographis paniculata,"Kalmegh,green chiretta, serpentina, or king of bitters",Human Cancer Cell Lines,"Diterpene lactones,diterpenoids, flavonoids, and steroids",Andrographolide,Extracts of whole plant,"Karnataka, kerala",https://doi.org/10.1016/B978-0-12-817592-7.00023-X,Andrographis paniculata.jpeg,
Anemone rivularis,"River anemone, River windflower",Tumor,"Glucoside, lactone","Ranunculin, Anemonin, Protoanemonin",Root,Lakesides in the Himalayas,https://link.springer.com/book/10.1007/978-981-32-9147-8,Anemone rivularis.jpeg,
Annona muricata,"Laxmanphal, graviola or soursop or guyabano","Liver cancer, Breast Cancer, Colorectal Cancer ","Fatty acids, Phenolic, alkaloids","Acetogenins , kaempferol-3-O-glucoside","Roots, leaves","Karnataka, kerala,Tamil Nadu:",https://doi.org/10.1016/B978-0-12-817592-7.00023-X,Annona muricata.jpeg,
Annona squamosa,Custard apple,"Breast cancer, Human prostate cancer",Acetogenins,"Squamocin, annosquacins A–D, annosquatin A, and annosquatin B,squamotacin","Aqueous seed extracts, Ethanolic extracts of leaves and stem, bark of tree","Andhra Pradesh, Assam, Bihar, Karnataka, Maharashtra, Madhya Pradesh, Orissa, Rajasthan, and Tamil Nadu.",https://link.springer.com/chapter/10.1007/978-3-319-93997-1_5,Annona squamosa.jpeg,
Aphanamixis polystachya,"Rohituka, pithraj tree","Human hematopoietic tumors, breast and cervical cancers","Flavopiridol, triterpene acid","Rohitukine, Amooranin",Bark,"Andhra Pradesh, Karnataka, Kerala, Odisha",https://link.springer.com/chapter/10.1007/978-3-319-93997-1_5,Aphanamixis polystachya.jpeg,
Apium graveolens,Ajmoda,"Human colon cancer, pancreatic cancer ",Phenolic acid and flavonoid ,"Apigenin, luteolin, and kaempferol,caffeic acid, p-coumaric acid, and ferulic acid",Methanolic extracts of seeds,"Punjab, Haryana, Western Uttar Pradesh",https://www.ijpsr.info/docs/IJPSR16-07-10-014.pdf,Apium graveolens.jpeg,
Arctium lappa,"Jungali Kuth, burdock",Breast cancer,Lappaol F,Arctigenin,"Seeds, root extract","Himalayas, at altitudes of 2100-3700 m",https://doi.org/10.1016/B978-0-12-817592-7.00023-X,Arctium lappa.jpeg,
Argemone mexicana,"Satyanasini, katela ",Colon cancer,"Oils, alkaloids",Sanguinarine dihydrosanguinarine,Seeds,Karnataka and Kerala,https://ijair.org/administrator/components/com_jresearch/files/publications/IJAIR_2569_FINAL.pdf,Argemone mexicana.jpeg,
Arisaema jacquemontii,Jacquemont's Cobra Lily,"Lung, colon, breast, pancreas, and brain cancer",Polyphenol,"Ellagic acid, 30-Nor-lanost-5-ene-3β-ol",Tuber,"Himalayan region, Southern India, and Khasi Hills",https://link.springer.com/book/10.1007/978-981-32-9147-8,Arisaema jacquemontii.jpeg,
Aristolochia acuminata,Indian birthwort,Liver cancer,Acid,Aristolochic acid,Leaves,Himalayas,https://link.springer.com/book/10.1007/978-981-32-9147-8,Aristolochia acuminata.jpeg,
Aristolochia indica,"Garudakkodi, Eswaramooli,Iswaberusa, and Ishrmul","Urothelial cancer,breast cancer","Aristolochic acids,Alkaloids,Flavonoids,Polyphenols,Terpenoids","Ishwarane, aristolochen, ishwarone, aristololactam N-β- D-glucoside,6β-hydroxy-stigmast-4-en-3-one, 3β-hydroxy-stigmast-5-en-7-one, aristolochinealkaline, isoaristolochic acid, allantoin, pinocarvone, and α-pinene","Roots,leaves,whole","Kerala, Tamil Nadu, Karnataka, Maharashtra, and Andhra Pradesh. ",https://www.semanticscholar.org/paper/Micropropagation-and-Conservation-of-Selected-from-Swamy-Paramashivaiah/2487946963df88eb7ae30ab15431e277a6483cd5,Aristolochia indica.jpeg,
Artemisia absinthium,"Mugwort, wormwood",Breast cancer,"Flavonoid, artemisinin","Quercetin, isorhamnetin, kamfrolinalol, alphapinin, limonene, and myrecene, artesunate",Aerial parts,Chakrata region of Uttarakhand,https://doi.org/10.1177/2156587217696927,Artemisia absinthium.jpeg,
Asparagus adscendens,White Musli,Skin cancer,"Glycosides,Alkaloids,Flavonoids,Essential Oils","Saponin,Steroidal Saponins,Polysaccharides",Root,Himalayan regions and the Western Ghats of India,https://japer.in/article/biological-activities-of-some-indian-medicinal-plants,Asparagus adscendens.jpeg,
Asparagus racemosus,Shatavari,"Breast cancer, human lung adenocarcinoma","Alkaloids,Flavonoids,Phytosterols,PolysaccharidesAmino Acids","asparagamine A,racemosol,polyphenols,sitosterolstigmasterol",Root,Across India,https://www.researchgate.net/publication/288604924_A_brief_review_on_the_botanical_aspects_and_therapeutic_potentials_of_important_Indian_medicinal_plants,Asparagus racemosus.jpeg,
Astragalus membranaceus,Milkvetch,Leukemia and Uterine Cancer,"Flavonoid, alkaloid",Swainsonine,Root,temperate and alpine regions of the Himalayas at an altitudes ranging from (2000-) 3000-6000 m,https://doi.org/10.1016/B978-0-12-817592-7.00023-X,Astragalus membranaceus.jpeg,
Avena sativa,"Jei, java",Tumors,"Alkaloid, saponin, flavonoid, vitamin and protein",Avenanthramides,Seed,"Jammu and Kashmir, Himachal Pradesh, Uttar Pradesh, Bihar, Odisha, Haryana, and Punjab",https://ijair.org/administrator/components/com_jresearch/files/publications/IJAIR_2569_FINAL.pdf,Avena sativa.jpeg,
Avicennia marina,"Grey mangrove or white mangrove, Chakkapoo","Human breast cancer, laryngeal cancer cells","Flavonoid, phenols, terpenoids, steroids, aldehydes, alkaloids, ",Luteolin,Leaves,Mangrove formations in India,https://doi.org/10.1177/2156587217696927,Avicennia marina.jpeg,
Azadirachta indica,Neem,Breast cancer,"Alkaloid, phytosterols","Swainsonine, azadirachtin ,nimbolide,Nimbin,Quercetin,steroids","Bark, leaves, flowers, and seed oil","Tropical to subtropical regions, in semiarid to wet tropical regions,",https://doi.org/10.1016/B978-0-12-817592-7.00023-X,Azadirachta indica.jpeg,
Bacopa monnieri,Brahmi,Solid tumor,Phytosterol,Stigmasterol,Ethanolic of plant,Wetlands of southern and eastern India,https://link.springer.com/chapter/10.1007/978-3-319-93997-1_5,Bacopa monnieri.jpeg,
Baliospermum montanum,"Danti, Red Physic Nut, Wild Castor, Wild Croton, and Wild Sultan Seed","Prostate cancer, abdominal tumors, leukemia","Phorbolesters, flavonoids","Montanin, baliospermin, 12-deoxyphorbol-13-palmitate,12-deoxy-5b-hydroxyphorbol-13-myristate, and 12-deoxy-16-hydroxy phorbol-13-palmitate",Roots,"North and East Bengal, Chhota Nagpur, and peninsular India",https://doi.org/10.1016/j.biopha.2015.02.016,Baliospermum montanum.jpeg,
Barleria cristata,"Jhinti,  Crested Philippine violet",Breast cancer and liver cancer,"Phenylethanoid glycoside, flavonol ","Desrhamnosylacteoside, Acteoside, Poliumoside, Quercetagetin, Tamarixetin, Gossypetin, Oleanolic acid",Leaves,"Telangana, Nagpur, Andamans",https://link.springer.com/book/10.1007/978-981-32-9147-8,Barleria cristata.jpeg,
Barleria prionitis,Porcupine flower,Lung and breast cancer,Glucoside,"Shanzhiside methyl ester, Barlerin, Acetylbarlerin, Lupulinoside","Leaves, roots and bark","Andaman and Nicobar, Andhra Pradesh, Assam, Bihar, Chhattisgarh, Delhi, Goa, Gujarat, Jharkhand, and Kerala",https://link.springer.com/book/10.1007/978-981-32-9147-8,Barleria prionitis.jpeg,
Basella alba,"Malabar spinach, indian spinach",Colorectal cancer,"Flavonoids, carotenoids,flavonoids","Polyphenols,phytosterols, isoprene,Saponins","Leaves,Stems,Young Shoots",Southern and eastern regions of India.,https://academicjournals.org/article/article1379753858_Kumar%20et%20al.pdf,Basella alba.jpeg,
Basella rubra,"Malabar spinach, Red Ceylon Spinach, Red-stemmed Malabar Spinach, Red Indian Spinach",Human cervical carcinoma,"Phenolics, flavonoids and betalains","Betanin, isobetanin and gomphrenin I , generic acid, sinapic acid, ferulic acid, coumaric acid and chlorogenic acid, myricetin, quercetin, luteolin, apigenin and kaempferol",Fruit extracts,South India,https://www.ijpsr.info/docs/IJPSR16-07-10-014.pdf,Basella rubra.jpeg,
Bauhinia purpurea,Mandaram,"Breast, lung, liver, oral cavity, larynx and malignant ascites","Flavonoids,Tannins,Alkaloids,Saponins","Cyanidin glucoside, malvid glucoside, peonidin glucoside and kaempferol galactoside","Leaves, stems, roots and pods",Throughout India,https://www.plantsjournal.com/archives/2015/vol3issue6/PartA/3-5-33.pdf,Bauhinia purpurea.jpeg,
Bauhinia variegata,Kachnar,"Breast cancer, colon cancer",Terpenoids and alkaloids,"α-pinene, β-pinene",Leaves extracts,India's sub-Himalayan and outer Himalayan regions of Sikkim and Punjab,https://www.ijpsr.info/docs/IJPSR16-07-10-014.pdf,Bauhinia variegata.jpeg,
Berberis aristata,"Daruharidra,Indian barberry",Oral cancers,Alkaloids,"Berberine,Palmatine,Oxyacanthine,Columbamine,Jatrorrhizine","Root,leaves stem, bark","Himalayan region of India, Uttarakhand, Himachal Pradesh, Jammu and Kashmir, Punjab and Uttar Pradesh. ",https://www.researchgate.net/publication/288604924_A_brief_review_on_the_botanical_aspects_and_therapeutic_potentials_of_important_Indian_medicinal_plants,Berberis aristata.jpeg,
Berberis vulgaris,Barberry,Breast cancer,"Alkaloid,Flavonoids,Vitamins,Minerals, polyphenolic","Berberine,Berbamine,Oxycanthine,Tannins","Roots, bark, berries",Throughout India,https://www.researchgate.net/publication/257435648_Therapeutic_Plants_of_Ayurveda_A_Review_on_Anticancer,Berberis vulgaris.jpeg,
Betula platyphylla,Birch tree,Lung cancer,"Betulin,Betulinic Acid,Flavonoids,Essential Oils",Triterpenoids,"Bark,Leaves",Throughout India,https://www.sciencedirect.com/science/article/abs/pii/S221080332030083X,Betula platyphylla.jpeg,
Betula utilis,"Bhojpatra,Himalayan silver birch",Liver and Lung cancer,Betulin,Betulinic acid,"Bark, fungal growth (bhurja-granthi)","Arunachal Pradesh, Darjiling, Himachal Pradesh, Jammu-Kashmir, Sikkim, Uttaranchal",https://doi.org/10.1016/B978-0-12-817592-7.00023-X,Betula utilis.jpeg,
Bidens pilosa,"Broom stick, Cobbler's pegs",Breast cancer,"Polyacetylenes, flavonoids, terpenoids, and phenylpropanoids","Phenyl-1,3,5-heptatriyne","Leaves, flower, stem","Sub-tropical, temperate, and sub-alpine regions of Himachal Pradesh, Uttarakhand, and Sikkim.",https://doi.org/10.1016/B978-0-12-817592-7.00023-X,Bidens pilosa.jpeg,
Boerhavia diffusa,"Hogweed, red spiderling, Punarnava ",Malignant melanoma cancer,Alkaloid,Punarnavine,Boerhavia diffusa,Throughout regions of India,https://link.springer.com/article/10.1007/s40415-015-0135-0,Boerhavia diffusa.jpeg,
Bombax ceiba,"Red cotton tree, Indian kapok tree, shalmali, semal",Breast cancer,"Flavonol, sesquiterpene lactone","β-Dglucoside of β-sitosterol, free β-sitosterol, hentriacontane, hentriacontanol, traces of an essential oil, kaempferol, and quercetin, Shamimin","Leaves, flower",Tropical and subtropical India.,https://www.saspublishers.com/media/articles/SAJP32-100-107.pdf,Bombax ceiba.jpeg,
Boswellia serrata,"Indian frankincense, Shallaki, Kundur","Cervical cancer, prostate cancer","Monoterpene, diterpene, and triterpene and boswellic acid","α thujone, myrcene, and limonene",Hydroalcoholic extract," Andhra Pradesh, Gujarat, Madhya Pradesh, Jharkhand and Chhattisgarh",https://doi.org/10.1177/2156587217696927,Boswellia serrata.jpeg,
Brassica campestris,Mustard,"Breast Cancer, Lung Cancer, Colon cancer","Dithiolthiones and isothiocyanates,phytoalexin, Glucosinolates","Brassinin, Cyclobrassinin",Seeds and seed oil,"Bihar, Chhattisgarh, Jharkhand, Orissa, Eastern Uttar Pradesh, Sikkim, and West Bengal",https://link.springer.com/chapter/10.1007/978-3-319-93997-1_5,Brassica campestris.jpeg,
Brassica oleracea,Wild Cabbage,Human breast cancer,"Ascorbigens, dithiolthiones, and isothiocyanates,Glucosinolate","Indole-3-carbinol, indole-3-acetonitrile, and 3,3’-diindolylmethane,Sulforane,Sulforaphane",Leaves,"Uttar Pradesh, Bihar, Odisha, West Bengal, Assam, Maharashtra, and Karnataka, Haryana, Rajasthan, Gujarat, Uttaranchal hills, Himachal Pradesh, and Nilgiri hills in Tamil Nadu",https://link.springer.com/chapter/10.1007/978-3-319-93997-1_5,Brassica oleracea.jpeg,
Bruguiera gymnorrhiza,"Black mangrove, Swartwortelboom","Lung cancer, sarcoma, andcarcinoma",Phytosterol,"Bruguiesulfurol, Brugierol, Isobrugierol",Flower,"Mangrove forests of Sunderban, West Bengal, and Andaman and Nicobar",https://link.springer.com/book/10.1007/978-981-32-9147-8,Bruguiera gymnorrhiza.jpeg,
Bryonia laciniosa,"Bryony, Snakeweed,Shivlingi",Human breast cancer,"Steroidal Saponins,Alkaloids,Flavonoids,Triterpenoids","Sterol/triterpene aglycone,isoprene",Seeds,"The Western and Eastern Ghats, the Himalayan foothills, central India, and coastal areas.",http://pu.edu.pk/images/journal/zology/PDF-FILES/24-31_2_16.pdf,Bryonia laciniosa.jpeg,
Butea monosperma,"Palas, Flame of the Forest",Colorectal cancer,Flavonoids,"Butin, butein, butrin, isobutrin, palasitrin, coreopsin, isocoreopsin, sulphurein, monospermoside and isomonospermoside",Flowers,Throughout India,https://ijair.org/administrator/components/com_jresearch/files/publications/IJAIR_2569_FINAL.pdf,Butea monosperma.jpeg,
Cajanus cajan,"Pigeon pea, Arhar dal",Human breast cancer ,Isoflavanone,Cajanol (5-hydroxy-3-(4-hydroxy-2-methoxyphenyl)-7-methoxychroman-4-one),Roots,Eastern part of peninsular India,https://ijair.org/administrator/components/com_jresearch/files/publications/IJAIR_2569_FINAL.pdf,Cajanus cajan.jpeg,
Calotropis gigantea,"Milkweed, Swallow-wort",Human Breast Cancer,Glycoside,Cardiac glycoside,Root,"Wastelands, lower Bengal, Punjab, Himalaya, and Assam",https://link.springer.com/book/10.1007/978-981-32-9147-8,Calotropis gigantea.jpeg,
Calotropis procera,Giant Swallow Wort,Colon and breast cancer,"Glycosides,Alkaloids,Flavonoids,Triterpenoids,Latex,Phytosterols","Calotropin,calotoxin,calotropine, calotoxin, uscharin","Latex,Leaves,Roots,Flowers","Rajasthan, Gujarat, Madhya Pradesh, Maharashtra, and Uttar Pradesh",https://www.researchgate.net/publication/257435648_Therapeutic_Plants_of_Ayurveda_A_Review_on_Anticancer,Calotropis procera.jpeg,
Camellia sinensis,Tea plant,"Prostate cancer, Gynaecological cancer",Polyphenols,Epigallocatechin gallate,Leaves extract,"Assam, India's north-eastern border",https://doi.org/10.1016/B978-0-12-817592-7.00023-X,Camellia sinensis.jpeg,
Camptotheca acuminata,Happy Tree,Ovarian Cancer and Colorectal cancers,Alkaloid,Quinoline and comptothecin,Bark and stems,Western Ghats of India,https://www.researchgate.net/profile/Ponnampalam-Gopalakrishnakone/publication/36789083_Current_status_of_herbal_and_their_future_perspectives/links/00463517f1387287fe000000/Current-status-of-herbal-and-their-future-perspectives.pdf?_tp=eyJjb250ZXh0Ijp7ImZpcnN0UGFnZSI6InB1YmxpY2F0aW9uIiwicGFnZSI6InB1YmxpY2F0aW9uIn20,Camptotheca acuminata.jpeg,
Cannabis sativa,"Marijuana,Ganja",Human breast tumor,Cannabinoid,Dronabinol and nabilone,"Resins, flowers, seed and leaves",South India,https://doi.org/10.1016/B978-0-12-817592-7.00023-X,Cannabis sativa.jpeg,
Canthium parviflorum,"Kadbar,Kirma, Kandakara",Cervical cancer ,"Carbohydrate, alkaloid and flavonoids","Glutathione, α-tocopherol, and ascorbic acid",Acetone root extract,"Deccan peninsula from Gujarat and Maharashtra southwards, and in Bihar and Orissa",https://www.florajournal.com/archives/2015/vol3issue5/PartA/4-5-13-903.pdf,Canthium parviflorum.jpeg,
Capsicum annum,Chillies,Breast cancer,"Carotenoids,Capsanthin,Flavonoids,Capsaicinoids","Beta-carotene, lutein, zeaxanthin,quercetin,kaempferol,dihydrocapsaicin, nordihydrocapsaicin,homodihydrocapsaicin,vitamin C ","Fruit,Seeds,Roots","Andhra Pradesh, Telangana, Karnataka, Maharashtra, Tamil Nadu, and Rajasthan",https://www.researchgate.net/publication/257435648_Therapeutic_Plants_of_Ayurveda_A_Review_on_Anticancer,Capsicum annum.jpeg,
Carica papaya,Papain,Breast cancer,"Enzymes,Vitamins,Carotenoid,Flavonoids.Polyphenols,Fiber","Chymopapain, caricain,glycyl endopeptidase,beta-carotene, lutein, zeaxanthin, quercetin, kaempferol, catechins,pectin,cellulose","Fruit,Leaves,Seed,Latex","Maharashtra, Andhra Pradesh, Tamil Nadu, Karnataka, Uttar Pradesh, and West Bengal",https://www.researchgate.net/publication/257435648_Therapeutic_Plants_of_Ayurveda_A_Review_on_Anticancer,Carica papaya.jpeg,
Cassia angustifolia,Indian senna or Sonamukhi,Human cervical cancer,Flavonoids,"Quercimeritrin ,scutellarein , rutin ",Seed powder,"Tamil Nadu, Andhra Pradesh, Rajasthan, Gujarat, Maharashtra, Karnataka, West Bengal and Tripura",https://doi.org/10.1007/978-981-13-7248-4,Cassia angustifolia.jpeg,
Cassia auriculata,Senna,Lung cancer,"Flavonoid,Tannins,Anthraquinones,Saponins,Alkaloids","Quercetin, kaempferol, rutin","Flowers,Leaves,Seeds","Tamil Nadu, Andhra Pradesh, Telangana, Karnataka, Maharashtra, and Kerala",https://www.researchgate.net/publication/257435648_Therapeutic_Plants_of_Ayurveda_A_Review_on_Anticancer,Cassia auriculata.jpeg,
Catharanthus roseus,"Sadabahar,Nayantara,Vinca rosea","Breast cancer, Lung cancer, uterine cancer, melanomas, Leukemia",Alkaloids,"Vinblastine, Vincristine, Alstonine, Ajmalicine, and Reserpine",Leaves,"Tamil Nadu, Karnataka, Andhra Pradesh, Gujarat, Madhya Pradesh and Assam",https://doi.org/10.1016/B978-0-12-817592-7.00023-X,Catharanthus roseus.jpeg,
Cedrus deodara,Dvedar,Lung cancer,"Essential Oil,Flavonoids,polyphenols","Tannins,Resins,Lignans","Bark,Wood,Leaves and Needles",Himalayan Region,https://www.researchgate.net/publication/257435648_Therapeutic_Plants_of_Ayurveda_A_Review_on_Anticancerr,Cedrus deodara.jpeg,
Celastrus paniculatus,"Jyotishmati, Black oil plant",Breast cancer,Fatty acids and alkaloids,β-dihydroagarofuranoid sesquiterpenes,Seed,Throughout India,https://ijair.org/administrator/components/com_jresearch/files/publications/IJAIR_2569_FINAL.pdf,Celastrus paniculatus.jpeg,
Centella asiatica,"Gotu kola, brahami","Skin cancer, human breast cancer, gastric cancer, and uterine cancer","Triterpene acids, flavonoid, phenolic acid, sterols","Saponin, Asiatic acid",Stem and leaves,Tropical and subtropical regions of India,https://link.springer.com/chapter/10.1007/978-3-319-93997-1_5,Centella asiatica.jpeg,
Cheilanthes dalhousiae,Countess dalhousies spleenwort,Gastric cancer,Glycosides,Flavone-3-OGlycosides,Leaves,North Eastern states,https://link.springer.com/book/10.1007/978-981-32-9147-8,Cheilanthes dalhousiae.jpeg,
Chlorella pyrenoidosa,Chlorella,"Breast Cancer, Ovary Cancer, Skin Cancer, Lung Cancer, Colon Cancer, Kidney Cancer, Stomach Cancer",Polysaccharides,"GA3P (D-galactan sulfate, associated with l-(+)-lactic acid); Calcium-Spirulan",Whole algae,Fresh water(reported in (NCIM) in Pune),https://doi.org/10.1016/B978-0-12-817592-7.00023-X,Chlorella pyrenoidosa.jpeg,
Cinnamomum zeylanicum,"Cinnamon, Dalchini",Oral cancer,Flavonoids,"Cinnamaldehyde, cinnamyl acetate",Bark,Western Ghats,https://ijair.org/administrator/components/com_jresearch/files/publications/IJAIR_2569_FINAL.pdf,Cinnamomum zeylanicum.jpeg,
Citrullus colocynthis,Indravaruni,"Breast,pancreatic and skin cancer cells","Triterpene acids, flavonoid, phenolic acid, sterols",Cucurbitacin,Leaves,Gujarat and some parts of Rajasthan,https://www.ijpsr.info/docs/IJPSR16-07-10-014.pdf,Citrullus colocynthis.jpeg,
Cleistanthus collinus,"Garari,Vadisaaku,Oduvanthalai,Odaku",Cervical carcinoma,Glycoside,"Cleistanthin, Collinusin",Leaves,Deciduous dry hilly forests of South India,https://doi.org/10.1016/B978-0-12-817592-7.00023-X,Cleistanthus collinus.jpeg,
Clerodendrum inerme,Bharangi /Seaside clerodendrum,Lung cancer,"Alkaloids,Flavonoids,Glycosides,Sterols","Sitosterol ,stigmasterol,phenolic acids,tannins",Leaves,Eastern and southern coastlines in india,https://pubmed.ncbi.nlm.nih.gov/17139399/,Clerodendrum inerme.jpeg,
Clerodendrum serratum,Bharangi,Lung cancer,"Alkaloids,Flavonoids,Terpenoids,Tannins,Glycosides","D-mannitol, hispidulin, cleroflavone,apigenin, scutellarein, serratagenic acid, acteoside, verbascoside, oleanolic acid,clerodermic acid, γ-sitosterol, β-sitosterol, cholestanol, clerosterol, campesterol, and 24-ethylcholesterol","Roots , leaves",Western Ghats of India.,https://www.semanticscholar.org/paper/Micropropagation-and-Conservation-of-Selected-from-Swamy-Paramashivaiah/2487946963df88eb7ae30ab15431e277a6483cd5,Clerodendrum serratum.jpeg,
Coix lacryma-jobi,Job’s tears,Colorectal and lung cancer,Phytosterol,Trans-feruloyl stigmasterol,Seed,Northeastern hill tracts of India,https://link.springer.com/book/10.1007/978-981-32-9147-8,Coix lacryma-jobi.jpeg,
Colchicum autumnale,"Autumn crocus, meadow saffron, naked boys or naked ladies",Breast cancer,Alkaloid,Colchicine,Seed and flower,Southern India,https://ijair.org/administrator/components/com_jresearch/files/publications/IJAIR_2569_FINAL.pdf,Colchicum autumnale.jpeg,
Colchicum luteum,Indian Colchicum or Suranjan,Myeloid Leukemia,Alkaloid,Colchicines demecolcine,Roots and seeds,"Temperate western Himalayas from Kashmir to Chamba, at altitudes ranging from 700 m to 2800 m",https://doi.org/10.1016/B978-0-12-817592-7.00023-X,Colchicum luteum.jpeg,
Coleus forskohlii,"Garmalu, Patharchur, Garmai ",Human Acute Myeloid Leukemia,Diterpene,"Forskolin (E, F, G, H, I, J, L)",Roots,"Tamil Nadu, Karnataka, Maharashtra, Uttar Pradesh, Kumaon, Nepal, Deccan peninsula, Gujarat, and Bihar",https://doi.org/10.1007/978-981-13-7248-8,Coleus forskohlii.jpeg,
Combretum caffrum,"Madhumalati,Rangoon Creeper, Burma creeper",Myeloid Leukemia,Phenols,Combretastatin,Bark,"Tropical to subtropical regions, in semiarid to wet tropical regions",https://doi.org/10.1016/B978-0-12-817592-7.00023-X,Combretum caffrum.jpeg,
Commiphora mukul,Guggulu,Human Prostate Cancer,Lipid,"Guggulsterone,Gugulipid",Bark,"Rajasthan, Gujarat, Madhya Pradesh and Karnataka",https://pubmed.ncbi.nlm.nih.gov/21115635/,Commiphora mukul.jpeg,
Coscinium fenestratum,"Jhar-haldi, Daruharidra","Lung cancer,colorectal,leukemia",Alkaloids,"Berberine,Columbin,Palmatine,Magnoflorine,Coptisine",Leaves,Western Ghats region of India.,https://www.semanticscholar.org/paper/Micropropagation-and-Conservation-of-Selected-from-Swamy-Paramashivaiah/2487946963df88eb7ae30ab15431e277a6483cd5,Coscinium fenestratum.jpeg,
Crocus sativus,"Saffron, autumn crocus",Lung cancer,"Monoterpenoid ,carotenoid ","Safranal, Crocetin, Crocin",Aqueous extract of petals,Pampore region of Srinagar and Kishtwar district of Jammu and Kashmir,https://doi.org/10.1016/B978-0-12-817592-7.00023-X,Crocus sativus.jpeg,
Curculigo orchioides,Kali Musli,"Human cervical cancer,prostate cancer","Flavone glycosides,alkaloid","curculigo saponins, curculigosides,orcinol glycoside, corchio-side A, hentriacontanol,lycorine",Stem(rhizomes),"Western Ghats, Eastern Ghats, the Himalayan region, and parts of central and southern India",https://www.semanticscholar.org/paper/Micropropagation-and-Conservation-of-Selected-from-Swamy-Paramashivaiah/2487946963df88eb7ae30ab15431e277a6483cd5,Curculigo orchioides.jpeg,
Curcuma longa,"Turmeric,golden spice","Colorectal Neoplasia, Lung cancer","Polyphenol,glycosides","Tumerone, curcumine",Rhizomes,"Andhra Pradesh, Tamil Nadu, Orissa, Karnataka, West Bengal, Gujarat, Meghalaya, Maharashtra, Assam ",https://doi.org/10.1016/B978-0-12-817592-7.00023-X,Curcuma longa.jpeg,
Cymbopogon flexuosus,Lemon grass oil,"Breast Cancer,Colon Cancer,Prostate Cancer","Citral,Geraniol,Limonene,Citronellal,Myrcene,Linalool","Lipids,monoterpene aldehyde,terpene",Leaves,"Kerala, Karnataka, Tamil Nadu, Andhra Pradesh, Western Ghats, Assam and Meghalaya",https://www.researchgate.net/publication/257435648_Therapeutic_Plants_of_Ayurveda_A_Review_on_Anticancer,Cymbopogon flexuosus.jpeg,
Cynanchum auriculatum,"Heart-leaf swallow-wort, White he shou wu",Lung cancer and gastric cancer,Steroidal glycosides,Caudatin,Root,"The northern parts of India, including Kashmir",https://link.springer.com/book/10.1007/978-981-32-9147-8,Cynanchum auriculatum.jpeg,
Cynodon dactylon,Grass,Liver cancer,"Alkaloid,Vitamins ,Minerals,Proteins,Carbohydrates","Sugars, starches, cellulose,Lignin","Leaves,Rhizomes,Whole Plant",Tropical and subtropical regions,https://www.researchgate.net/publication/257435648_Therapeutic_Plants_of_Ayurveda_A_Review_on_Anticancer,Cynodon dactylon.jpeg,
Cyperus rotundus,"Musta, Nutgrass roots","Breast, cervical and liver cancer","Sesquiterpenes, flavonoids, phenylpropanoids, phenolic acids, alkaloids, and saponins","α-Cyperone, myrtenol, caryophyllene oxide, β-pinene, Sesquiterpenes",Rhizome,Throughout India,https://www.ijpsr.info/docs/IJPSR16-07-10-014.pdf,Cyperus rotundus.jpeg,
Decalepis hamiltonii,Swallow Root or Maredu Kommulu,Lung cancer,"Alkaloids,Triterpenoids,Flavonoids, Glycosides","Decalesides,Decalepin",Roots,Eastern and Western Ghats of peninsular India.,https://www.semanticscholar.org/paper/Micropropagation-and-Conservation-of-Selected-from-Swamy-Paramashivaiah/2487946963df88eb7ae30ab15431e277a6483cd5,Decalepis hamiltonii.jpeg,
Deeringia amaranthoides,"Kalalori, Latman, Wali",Breast and prostate cancer,Triterpene glycosides,"Gallic acid, Saponins",Fruits,"The entire Himalaya, NE India, and South India",https://link.springer.com/book/10.1007/978-981-32-9147-8,Deeringia amaranthoides.jpeg,
Diospyros peregrina,"Gab, kata gab",Breast and lug cancer,"Glycerides,saponin, triterpenes, fatty oil","β-sitosterol, α leuconanthocyanin, betulinic acid, myricyle alcohol",Stem and leaves,Western Ghats,https://ijair.org/administrator/components/com_jresearch/files/publications/IJAIR_2569_FINAL.pdf,Diospyros peregrina.jpeg,
Duchesnea indica,"Mock strawberry, Indian strawberry","Esophageal, cervical, ovarian, and skin cancer",Flavone,"Gallic acid, D-Xylose, Lectin",Entire plant,"Assam, Kashmir, and Manipur",https://link.springer.com/book/10.1007/978-981-32-9147-8,Duchesnea indica.jpeg,
Dysoxylum binectariferum,"Kadu gandha,Agurivagil, Cambil,Savank,white cedar",Chronic Lymphocytic Leukemia,Chromone alkaloid,Rohitukine,Leaves and bark,"Sikkim, Arunachal Pradesh, Assam, Tripura, Meghalaya, Maharashtra, Goa, Daman & Diu, Karnataka, Tamil Nadu, Kerala, the Andaman & Nicobar Islands",https://doi.org/10.1016/B978-0-12-817592-7.00023-X,Dysoxylum binectariferum.jpeg,
Echinacea purpurea,"Purple coneflower, Missouri snakeroot, and broad-leaf cone flower",Human pancreatic cancer and colon cancer,Phenylpropanoid,Cichoric acid,Root extracts,Jammu and Kashmir,https://link.springer.com/chapter/10.1007/978-3-319-93997-1_5,Echinacea purpurea.jpeg,
Eclipta alba,"Bhringraj, Maka bhangra",Bone cancer,Triterpenoids,"β-Amyrin, Luteolin-7-O-glucoside, Hentriacontanol, Stigmasterol","Root, leaf, flower","Assam, Bihar, Uttar Pradesh, and Manipur",https://link.springer.com/book/10.1007/978-981-32-9147-8,Eclipta alba.jpeg,
Eclipta prostrata,False daisy,Gastrointestinal cancer,Coumestan,"Wedelolactone, Eclalbasaponin","Aerial parts, Seeds, Roots",Warm temperate to tropical areas,https://link.springer.com/book/10.1007/978-981-32-9147-8,Eclipta prostrata.jpeg,
Elephantopus scaber,"Adhomukha, Prickly-leaved elephant’s foot",Human breast cancer,Sesquiterpene lactone,"Scabertopin, isoscabertopin, deoxyelephantopin, and isodeoxyelephantopin",Ethanolic extract,The Western Ghats and the forest of Achanakmar in Chhattisgarh,https://link.springer.com/chapter/10.1007/978-3-319-93997-1_5,Elephantopus scaber.jpeg,
Elettaria cardamomum,Cardamom,Breast cancer,Phenolic,"α-terpinyl acetate, linalyl acetate, limonene, 1, 8-cineole, sabinene and linalool",Seed,"Western Ghats of Kerala, Karnataka, and Tamil Nadu",https://www.florajournal.com/archives/2018/vol6issue2/PartB/7-1-27-280.pdf,Elettaria cardamomum.jpeg,
Emblica officinalis,Amla,"Colon, prostate cancer","Phytochemicals, vitamins, minerals, and antioxidants","Ascorbic acid,tannins, flavonoids,ellagitannins,alkaloids, phenolics,saponins,calcium, phosphorus, iron, and magnesium","Seed, fruit",Across India,https://japer.in/article/biological-activities-of-some-indian-medicinal-plants,Emblica officinalis.jpeg,
Emilia sonchifolia,"Lilac tassel flower, Cupid’s shaving brush",Cervical and pancreatic cancer,Alkaloids,"Pyrrolizidine, 2.4-Diethoxy-6-hydroxy8-formyl 3oxabicyclo[4.3.0]-cyclononan-7-ene, Caryophyllene oxid, 5-Fluorouracil",Apical part,"Andhra Pradesh, Karnataka, Kerala, Odisha, Maharashtra, Tamil Nadu, Himalayas, up to 2100 m",https://link.springer.com/book/10.1007/978-981-32-9147-8,Emilia sonchifolia.jpeg,
Eruca sativa,Diplotaxis,Melanoma tumor growth,"Vitamins,Minerals,Antioxidants,Nitrate,flavonoids","Glucosinolates ,isothiocyanates,beta-carotene, lutein, zeaxanthin",Leaves,Throughout India,https://www.researchgate.net/publication/257435648_Therapeutic_Plants_of_Ayurveda_A_Review_on_Anticancerr,Eruca sativa.jpeg,
Eugenia jambos,Rose apple,Prostate and breast cancer,Ellagitannins,"1-O-galloyl castalagin, Casuarinin",Leaves,South India and West Bengal,https://link.springer.com/book/10.1007/978-981-32-9147-8,Eugenia jambos.jpeg,
Eulophia campestris,Salam,Breast cancer,"Alkaloids,Terpenoids,Polyphenols,glycosides","Saponins,monoterpenes, sesquiterpenes, diterpenes,Tannins",Tubers/rhizomes,Throughout India,https://www.researchgate.net/publication/257435648_Therapeutic_Plants_of_Ayurveda_A_Review_on_Anticancer,Eulophia campestris.jpeg,
Euphorbia antiquorum,Cactus,Breast cancer,Triterpene,"β-amyrin, cycloartenol",Leaves,Throughout peninsular India,https://ijair.org/administrator/components/com_jresearch/files/publications/IJAIR_2569_FINAL.pdf,Euphorbia antiquorum.jpeg,
Euphorbia hirta,"Chara, amampatchaiaraisi",Lung cancer,"Flavonoids,Tannins,Alkaloids,Terpenoids","Quercetin,Euphorbin,Kaempfero,Gallic acid,Quercitrin","Leaves,Roots,Latex","Across India, including southern, eastern, western, central, and northeastern states, as well as the Andaman and Nicobar Islands",https://www.plantsjournal.com/archives/2015/vol3issue6/PartA/3-5-33.pdf,Euphorbia hirta.jpeg,
Eurycoma longifolia,Pasak bumi,"Lung, breast, and cervical malignancies","Alkaloids,flavonoids","Quassinoids, tannins, phenolic acids, and saponins",Roots,Tropical and subtropical regions,https://www.researchgate.net/publication/257435648_Therapeutic_Plants_of_Ayurveda_A_Review_on_Anticancerr,Eurycoma longifolia.jpeg,
Fagopyrum esculentum,"Buckwheat, Kutu ",Breast and Liver cancer,Flavonoid,Rutin,Seeds and leaves,"Northeastern states: Sikkim, Arunachal Pradesh, Manipur, Nagaland, and MeghalayaHimalaya",https://doi.org/10.1016/B978-0-12-817592-7.00023-X,Fagopyrum esculentum.jpeg,
Ficus benghalensis,Banyan,Breast cancer,Glycoside,"Leucopelargonidin-3-0-αLrhamnoside, Leuco cynidin 3-0-α-D galactosyl cellobioside, Beta 19-20 sitosterolalpha-D-glucose",Bark,"Bengal, South India, and West India",https://link.springer.com/book/10.1007/978-981-32-9147-8,Ficus benghalensis.jpeg,
Ficus hispida,Katgularia,Human breast cancer,Glucoside,Quercetin 3-O-glucoside,Bark,Western Ghats of India,https://link.springer.com/book/10.1007/978-981-32-9147-8,Ficus hispida.jpeg,
Ficus religiosa,"Pepal, Ashwatha",Human breast cancer,"Flavonoids, phenolic","Kaempeferol, quercetin, myricetin, luteolin",Leaves,Throughout India,https://www.ijpsr.info/docs/IJPSR16-07-10-014.pdf,Ficus religiosa.jpeg,
Ficus retusa,Indian laurel fig,Lung cancer and leukemia,"Phenol, flavonoid, flavone glucoside","Retusaphenol, Retusa afzelechin, Luteolin, Afzelechin, catechin, Sitosterol, Amyrin, Vitexin, Amyrin acetate, Moretenone, Friedelenol",Apical part,"Assam, West Bengal, and the Andaman and Nicobar Islands ",https://link.springer.com/book/10.1007/978-981-32-9147-8,Ficus retusa.jpeg,
Ginkgo biloba,Maidenhair tree,"Lung cancer, Hepatocellular carcinoma, Gastric cancer, Breast cancer, Colorectal cancer, and Cervical cancer",Terpenoid,"Ginkgolide-B, A, C, and J",Leaves extract,"Uttarakhand(Dehradun, Nainital, Mussoorie, and Ranikhet), Himachal Pradesh(Kalpa and Manali)",https://doi.org/10.1016/B978-0-12-817592-7.00023-X,Ginkgo biloba.jpeg,
Gloriosa superba,Flame lily or Karibari,Lung cancer,"Alkaloids,glucoside","Colchicine,gloriosine,isoperlolyrine,β-sitosterol,2-hydroxy 6-methoxy benzoic acid","Rhizomes,Flowers,Leaves","Kerala, Tamil Nadu, Karnataka, Andhra Pradesh, Telangana, Maharashtra",https://www.semanticscholar.org/paper/Micropropagation-and-Conservation-of-Selected-from-Swamy-Paramashivaiah/2487946963df88eb7ae30ab15431e277a6483cd5,Gloriosa superba.jpeg,
Glycyrrhiza glabra,Licorice or mulethi,Colon cancer,"Glycyrrhizin,Flavonoids,Coumarins,Polysaccharides,Sterols and Sterol Glycosides","Liquiritin,liquiritigenin,glycyrol, umbelliferone,sterol glycosides","Root,leaves","Rajasthan, Gujarat, Uttar Pradesh, and Punjab",https://japer.in/article/biological-activities-of-some-indian-medicinal-plants,Glycyrrhiza glabra.jpeg,
Gossypium barbadense,Egyptian cotton,"Cervical, Breast and Colon cancer",Polyphenol,Gossypol,"Leaves, seed, root",Central and western India,https://doi.org/10.1016/B978-0-12-817592-7.00023-X,Gossypium barbadense.jpeg,
Gymnema sylvestre,"Gurmar, Madhunashini",Breast Cancer and Lung Cancer,Lipid,Silvesterol,Fruits,"Andaman & Nicobar Islands. Evergreen or semievergreen forests of Middle and S. Andamans, Long and Havelock Islands",https://doi.org/10.1016/B978-0-12-817592-7.00023-X,Gymnema sylvestre.jpeg,
Hedychium spicatum,Kapur Kachari,"Lung, colon, breast, cervical cancer","Essential Oils,Ketones,Phenolic Compounds.Alkaloids,Terpenoids","Terpenes, sesquiterpenes,monoterpenes,hedychilactone,spicatolactone",Rhizome,"Uttarakhand, Himachal Pradesh, Sikkim, Arunachal Pradesh, and parts of Jammu and Kashmir.",https://www.researchgate.net/publication/257435648_Therapeutic_Plants_of_Ayurveda_A_Review_on_Anticancer,Hedychium spicatum.jpeg,
Helicteres isora,"Avartani, Marodphali, Marorphali, Enthani ","Human lung cancer, human breast cancer",Alkaloids and flavonoids,"5,8-dihydroxy-7,4 flavones, herbacetin-8-O-glucoronide (hibifolin), and kaempferol-3-O-galactoside (trifolin)",Dried fruits solvent extract,"Dry forests in central and western India, from Bihar to Jammu and the Western Peninsula",https://doi.org/10.12980/apjtb.4.2014c872,Helicteres isora.jpeg,
Hemidesmus indicus,Indian Sarsaparilla or Ananthamoola,Breast cancer,"Flavonoids,Alkaloids,Tannins, glycosides ","Saponins, polyphenolic compounds,Coumarins,Phytosterols",Roots,"Tamil Nadu, Karnataka, Andhra Pradesh, Telangana, Maharashtra, Uttar Pradesh",https://www.semanticscholar.org/paper/Micropropagation-and-Conservation-of-Selected-from-Swamy-Paramashivaiah/2487946963df88eb7ae30ab15431e277a6483cd5,Hemidesmus indicus.jpeg,
Hibiscus cannabinus,"Indian-hemp, Kenaf, and Mesta","Human cervical cancer, breast cancer","Polyphenols, flavonoids","Kaempferol, vanillic acid, syringic acid, caffeic acid, gallic acid, p-hydroxybenzoic acid, p-coumaric, and ferulic acid","Leaves, seed",North Eastern states,https://doi.org/10.1007/978-981-13-7248-3,Hibiscus cannabinus.jpeg,
Hippophae rhamnoides,Sea Buckthorn,Lymphatic leukemia,"Flavonoids, carotenoids, vitamins, tannins, titerpenes, stearic, and oleic acid","Isorhamnetin, quercetin glycosides, and kaempferol,  malic acid","Fruits, leaves, bark","Cold desert regions of Ladakh, Himachal Pradesh, and Uttarakhand",https://doi.org/10.1016/j.jaim.2015.09.001,Hippophae rhamnoides.jpeg,
Holoptelea integrifolia,Indian elm,Intestinal cancer and bladder cancer,"Phytosterol, triterpenoid","Beta-sitosterol, Friedlin",Bark,Throughout India,https://link.springer.com/book/10.1007/978-981-32-9147-8,Holoptelea integrifolia.jpeg,
Hygrophila auriculata,"Gokulakanta, Neeramulli",Prostate cancer,"Triterpenoid, phytosterol","Lupeol, Stigmasterol, Lupenone",Leaves,"Troughout India in marshes, plains",https://link.springer.com/book/10.1007/978-981-32-9147-8,Hygrophila auriculata.jpeg,
Hygrophila spinosa,"Gokshura,Kokilaksha",Bone cancer,"Alkaloids,Flavonoids,Tannins,Glycosides,Phytosterols",Saponins,"Seeds,Roots,Leaves",Throughout India,https://www.researchgate.net/publication/288644518_Anti-tumor_potency_and_toxicology_of_an_Indian_ayurvedic_plant_Hygrophila_spinosa,Hygrophila spinosa.jpeg,
Hypericum perforatum,Basanti,"Breast cancer, colon cancer, malignant melanoma","Acyl phloroglucinols, flavonoids, xanthones,and n-alkanols","Hypericin, hyperforin",Flowers,"Himalayas at altitudes of 1200–2400 meters, in the northeast region, and in the Western Ghats from 800–2500 meters",https://doi.org/10.1016/j.jaim.2015.09.001,Hypericum perforatum.jpeg,
Indigofera aspalathoides,Sivanarvembu,Liver tumors,Flavonoid,Cianidanol,"Leaves, stems, and seeds",Southern India,https://link.springer.com/book/10.1007/978-981-32-9147-8,Indigofera aspalathoides.jpeg,
Ipomoea bahiensis,Krishnabija,"Breast cancer,Sarcoma cancer","Alkaloid,flavonoids, glycosides,Terpenoids","Saponin,ergot alkaloids,lysergic acid derivatives","Leaves,,Whole Plant,Roots,Seeds",Throughout India,https://www.researchgate.net/publication/257435648_Therapeutic_Plants_of_Ayurveda_A_Review_on_Anticancer,Ipomoea bahiensis.jpeg,
Isodon japonicus,Japonica,"Ovarian, breast, colorectal, laryngeal, leukemia, liver, and prostate cancers","Diterpenoid, flavonoid","Maoyecrystal 1, Oridonin, Rabdosin B, Epinodosin, Lasiokaurin, Ponicidin, Shikokianin",Leaves,Jammu & Kashmir,https://link.springer.com/book/10.1007/978-981-32-9147-8,Isodon japonicus.jpeg,
Ixora coccinea,Chekki,"Ovary, breast cancer","Flavonoids,Alkaloids,Terpenoids","Tannins,Anthocyanins",Flowers,"Kerala, Karnataka, Maharashtra, and West Bengal",https://www.plantsjournal.com/archives/2015/vol3issue6/PartA/3-5-33.pdf,Ixora coccinea.jpeg,
Janakia arayalpathra,Amrithapala,Breast cancer,Flavonoid,Apigenin,Root,Western Ghats region of Kerala,https://link.springer.com/book/10.1007/978-981-32-9147-8,Janakia arayalpathra.jpeg,
Jasminum grandiflorum,Mulla,Breast cancer,"Triterpenoids,Flavonoids,Phenolic acids","Jasmone,Benzyl acetate,Linaloo,Methyl anthranilate,Benzyl benzoate",Flower,"Tamil Nadu Karnataka,Kerala,Andhra Pradesh,Maharashtra,Gujarat,West Bengal,Odisha,Madhya Pradesh,Uttar Pradesh",https://www.plantsjournal.com/archives/2015/vol3issue6/PartA/3-5-33.pdf,Jasminum grandiflorum.jpeg,
Jatropha curcas,"Danti, ratanjot, Purging nut",Human cervix carcinoma,Diterpenes,"Jatrophadiketone A, 18-hydroxyjatrophadiketone, 2-epi-macroripremyrsinone A, 7-hydroxyjatropholone A, and 7-hydroxyjatropholone B",Roots,Throughout India,https://ijair.org/administrator/components/com_jresearch/files/publications/IJAIR_2569_FINAL.pdf,Jatropha curcas.jpeg,
Juniperus communis,"Aaraar, haubera, abhal",Lung cancer,Glycoside,Teniposide and etoposie,"Plant extract, rhizome","Himalayas in India at altitudes of 1500–4000 meters above sea level.Jammu and Kashmir, Ladakh, Lahaul, Spiti, and Kinnaur of Himachal Pradesh and Uttrakhand",https://www.researchgate.net/profile/Ponnampalam-Gopalakrishnakone/publication/36789083_Current_status_of_herbal_and_their_future_perspectives/links/00463517f1387287fe000000/Current-status-of-herbal-and-their-future-perspectives.pdf?_tp=eyJjb250ZXh0Ijp7ImZpcnN0UGFnZSI6InB1YmxpY2F0aW9uIiwicGFnZSI6InB1YmxpY2F0aW9uIn19,Juniperus communis.jpeg,
Justicia gendarussa,"Willow-leaved justicia, Nili nirgunthi",Breast cancer,"Triterpenoid, phytosterol","β-Sitosterol, Lupeol, Friedelin",Entire plant,Throughout the river beds of Southern India,https://link.springer.com/book/10.1007/978-981-32-9147-8,Justicia gendarussa.jpeg,
Justicia procumbens,"Water Willow, Karambal,Pitpapada, Kalmashi",Human bladder cancer,Lignan,"Justicidin A, B",Leaves,"Manipur, Uttarkhand, Gujarat, and Tamil Nadu",https://doi.org/10.1016/B978-0-12-817592-7.00023-X,Justicia procumbens.jpeg,
Kaempferia galanga,"Aromatic ginger, Sand ginger","Human colon cancer, cervical cancer, breast cancer",Flavonoid,"Kaempferol, p-methoxycinnamic acid",Rhizome,"Kerala, Manipur, Meghalaya, Assam, Arunachal Pradesh, Andhra Pradesh, Karnataka, West Bengal, Odisha",https://doi.org/10.1016/j.jep.2020.112667,Kaempferia galanga.jpeg,
Knema angustifolia,Wild nutmeg,Lung cancer,"Coumaric acid derivative, phytosterol","Norviburtinal, β-Sitosterol",Entire plant,North East and Peninsular India and Andaman and Nicobar Islands,https://link.springer.com/book/10.1007/978-981-32-9147-8,Knema angustifolia.jpeg,
Lannea coromandelica,"Indian ash tree, Moya, Wodie",Cervical cancer,"Oxanes, monoterpenes, glycoside, terpenoid ","Eucalyptol, Alpha- Pinene, Beta-pinene, Quercitrin, Carvone",Bark And leaves,"Andhra Pradesh, Karnataka, and Kerala",https://link.springer.com/book/10.1007/978-981-32-9147-8,Lannea coromandelica.jpeg,
Lantana camara,"Putus, Wild sage",Breast Cancer,Pentacyclic triterpenoids,"Lancamarinic acid, Lancamarinin, Lantanoic acid, Camaranoic acid, Lantadene A and B",Leaves,"Shivalik hills, Central India, and Southern Western Ghats",https://ijair.org/administrator/components/com_jresearch/files/publications/IJAIR_2569_FINAL.pdf,Lantana camara.jpeg,
Lepidium sativum,"Chansur, garden cress","Leukemia, breast cancer",Glucosinolates,"Vitamins E, C, B, A, isotiosinat, and omega-3 fatty acids","Aerial parts, seed","Madhya Pradesh, Rajasthan, Gujarat, Uttar Pradesh, and Maharashtra",https://doi.org/10.1177/2156587217696927,Lepidium sativum.jpeg,
Ligularia virgaurea,Senecio plantaginifolius,"Kidney, lungs, breast, and skin cancer",Lanthanide,Ceremophilane,Flower,"The Alpine Himalayas, Western Ghats",https://link.springer.com/book/10.1007/978-981-32-9147-8,Ligularia virgaurea.jpeg,
Linum usitatissimum,"Flaxseed or linseed, alsi",Breast cancer,"Glycosides,phytoestrogens, lignan",Cynogenetic glycosides,Seed,"Uttar Pradesh, Madhya Pradesh, Bihar, Rajasthan, Himachal Pradesh, Jharkhand, Odisha, Telangana, Karnataka, and Andhra Pradesh",https://doi.org/10.1016/B978-0-12-817592-7.00023-X,Linum usitatissimum.jpeg,
Lippia alba,"Bushy matgrass, Bushy lippia, Hierba negra, and Pitiona",Colon cancer,Imidazole,"Cardiac glycosides, Bifonazole",Stem and bark,"Assam, Ghagharaghat, Uttar Pradesh, and Pusa",https://link.springer.com/book/10.1007/978-981-32-9147-8,Lippia alba.jpeg,
Lippia nodiflora,"Jalpapli , kattathippali, neerthippali, and poduthalai",Lung cancer,Flavonoid,Apigenin,Leaves extracts,States throughout India at riverbanks,https://www.sciencedirect.com/science/article/abs/pii/S2210523912000189?via%3Dihub,Lippia nodiflora.jpeg,
Luffa acutangula,"Ridge gourd, Turai, Beerakaya",Lung cancer,Flavonoid,"Apigenin-7-glucoside, Luteolin-7-glucoside","Leaves extracts, methanolic fruit extract",South India,https://www.sciencedirect.com/science/article/abs/pii/S2210523912000189?via%3Dihub,Luffa acutangula.jpeg,
Luffa echinata,"Bindaal, Ghagarbel, Devadali ",Human colon cancer,Polyphenols,"Amariin, echinatin, saponins, hentriacontane, gypsogenin, cucurbitacin B",Fruits and leaves,"Bengal, Gujarat and Uttar Pradesh",https://www.ijpsr.info/docs/IJPSR16-07-10-014.pdf,Luffa echinata.jpeg,
Lycopersicon esculentum,"Tomato, tamatar",Lung cancer,Tetraterpenoid,Lycopene,Leaves,"Andhra Pradesh, Madhya Pradesh, Karnataka, Gujarat, Odisha, West Bengal, Maharashtra, Chhattisgarh, Bihar, Telangana , Uttar Pradesh, Haryana and Tamil Nadu",https://link.springer.com/chapter/10.1007/978-3-642-29974-2_13,Lycopersicon esculentum.jpeg,
Madhuca longifolia,"Mahua, Butter tree",Cervical and breast cancer,"Tannins, saponins, steroids and fatty acids", β-amyrin ,"Leaves, flowers","Central, southern, and northern plains and forests",https://ijair.org/administrator/components/com_jresearch/files/publications/IJAIR_2569_FINAL.pdf,Madhuca longifolia.jpeg,
Mallotus philippinenis,"Kumkum tree, kamala tree, red kamala",Leukemia,"Polyphenols, flavonoids","β-sitosterol, stigmasterol, bergenin, alpha–amyrin, 3′-prenylrubranine, kamalachalcones A, B",Root,"Andhra Pradesh, Telangana, Karnataka, Kerala",https://www.ijpsr.info/docs/IJPSR16-07-10-014.pdf,Mallotus philippinenis.jpeg,
Mangifera indica,Mango,"Adenocarcinoma, Human breast cancer",Phenols,"Fumaric acid, 2-decyl undecyl ester, Isoheptadecanol (1-Hexadecanol, 2-methyl), Apigenin 7-glucoside , and cis-5-Dodecenoic acid, (3-cyanopropyl) dimethylsilyl ester",Kernel extract,"Assam, Manipur, Tripura, Mizoram and Meghalaya.",https://www.ijpsr.info/docs/IJPSR16-07-10-014.pdf,Mangifera indica.jpeg,
Mappia foetida,"Amruta, kalgur or Narkya","Breast cancer,Lung, Ovarian Cancer and cervical cancer","Alkaloid, monoterpene","Comptothecin, lrenoteccan and topotecan","Leaves, bark and root","Western Ghats in Satara, Pune, Kolhapur, Raigad, Ratangiri and Jargon",https://www.researchgate.net/profile/Ponnampalam-Gopalakrishnakone/publication/36789083_Current_status_of_herbal_and_their_future_perspectives/links/00463517f1387287fe000000/Current-status-of-herbal-and-their-future-perspectives.pdf?_tp=eyJjb250ZXh0Ijp7ImZpcnN0UGFnZSI6InB1YmxpY2F0aW9uIiwicGFnZSI6InB1YmxpY2F0aW9uIn21,Mappia foetida.jpeg,
Marsdenia tenacissima,Murva or moorva,Lung cancer,Phenolic monoterpenoid,Carvacrol,stem,Tropical hilly tracts of peninsular India and Vindhya ranges as well as lower Himalayan tract,https://link.springer.com/book/10.1007/978-981-32-9147-8,Marsdenia tenacissima.jpeg,
Medicago sativa,"Lucerne, alfalfa, or rijika","Melanoma, breast, prostate, and colon cancer cells","Vitamins, flavonoids, alkaloid","Triconlin, coumarin",Leaves extracts,tropical and subtropical regions of India,https://doi.org/10.1177/2156587217696927,Medicago sativa.jpeg,
Melia azedarach,Hog bush,Hepatocellular carcinoma,Limonoid,Toosendanin,Bark,Northwest India,https://link.springer.com/book/10.1007/978-981-32-9147-8,Melia azedarach.jpeg,
Mentha species,"Mint,Pudina,Putiha ",Prostate cancer ,Monoterpene ketones,Carvone,Leaves,"Uttar Pradesh, Punjab and Haryana",https://doi.org/10.1016/B978-0-12-817592-7.00023-X,Mentha species.jpeg,
Miquelia dentata,Ghenera,Ovarian cancer,"Pentacyclic triterpenol, Alkaloid","α-Amyrin, Camptothecin",Leaves,"South India (Tamil Nadu, Kerala)",https://link.springer.com/book/10.1007/978-981-32-9147-8,Miquelia dentata.jpeg,
Momordica charantia,Karela/bitter melon,Breast Cancer,"Charantin,Flavonoids,TriterpenesVitamins and Mineral,Proteins and Enzymes","Natural steroids,saponins,Polypeptide-p,catechin, epicmomordin and charantadiolatechin","Fruit, leaves, and seeds","Uttar Pradesh, Maharashtra, West Bengal, Kerala, and Assam.",https://www.researchgate.net/publication/281614854_Momordica_charantia_as_a_Potential_Medicinal_Herb_An_Overview,Momordica charantia.jpeg,
Momordica dioica,"Spiny gourd, teasel gourd, small bitter gourd, kankro, kartoli, kantola, kantroli, ban karola, or janglee karela.",Breast Cancer and Lung Cancer,"Phenolic, flavonoid, carotenoid, and glycosides",Lycoperdic acid,Roots,"West Bengal, Gujarat, Madhya Pradesh, Maharashtra and Karnataka, Chhattisgarh, Jharkhand and odisha",https://www.sciencedirect.com/science/article/abs/pii/B978012817592700023X?via%3Dihub,Momordica dioica.jpeg,
Morinda citrifolia,"Indian mulberry, Brimstone tree",Lung cancer and blood cancer,Phytosterols,"Gallic acid, Beta-sitosterol","Fruit, root","Kerala, Karnataka, Tamil Nadu, and Andhra Pradesh",https://link.springer.com/book/10.1007/978-981-32-9147-8,Morinda citrifolia.jpeg,
Moringa oleifera,"Mungna, saijna, shajna","Cervical carcinoma, leukemia",Phenol,"Eugenol, D-allose,  isopropyl isothiocynate","Leaves, bark and seeds","Tamil Nadu, Karnataka, Kerala, and Andhra Pradesh",https://www.ijpsr.info/docs/IJPSR16-07-10-014.pdf,Moringa oleifera.jpeg,
Murraya koenigii,"Curry leaf tree, Daun kari, Indian curry tree, Curry bush, Karapincha, Karwa pale, Garupillai, Kerupulai","Lung, breast, and colorectal cancer","Flavonoid, phytosterol","Beta-sitosterol glucoside, Stigmasterol",Leaves and stem,"Kerala, Karnataka, Tamil Nadu, and Andhra Pradesh",https://link.springer.com/book/10.1007/978-981-32-9147-8,Murraya koenigii.jpeg,
Musa sapientum,Sweet banana,"Breast, cervical, colorectal, esophageal, hepatic, oral, prostate, and skin cancer","Phenolic aldehydes, cycloartanols","Berulic acid, protocatechualdehyde, 2-pentanone, 4-epicyclomusalenone, cycloeucalenol acetate, and chlorogenic acid",Peel,"Tamil Nadu, Andhra Pradesh, Maharashtra, and Karnataka",https://ijair.org/administrator/components/com_jresearch/files/publications/IJAIR_2569_FINAL.pdf,Musa sapientum.jpeg,
Myristica fragrans,Nutmeg,Human leukemia,"Essential oils,Terpenes ,Terpenoids","Phenolic Compounds,Myristicin,Elemicin",Seeds,Kerala and Tamil Nadu.,https://www.sciencedirect.com/science/article/abs/pii/S2452014419301955,Myristica fragrans.jpeg,
Nelumbo nucifera,Sacred Lotus,Leukemia,"Sesquiterpenes, flavonoids, riterpenes, and alkaloidsa",Liensinine and nuciferine,"Flower, seeds, leaves, rhizomes",Throughout regions of India,https://doi.org/10.1016/j.jaim.2015.09.001,Nelumbo nucifera.jpeg,
Nerium indicum,"Indian oleander, Karavira, Arali, Kanaveeram, and Suprasam",Lung cancer,"Flavonoid, triterpene","Oleanderocioic acid, quercetin-5-O-[α-L-rhamnopyranosyl-(1→6)]-β-D-glucopyranoside",Leaves,"The Himalayas, the upper Gangetic plain, Madhya Pradesh, Uttar Pradesh, Punjab",https://www.ijpsr.info/docs/IJPSR16-07-10-014.pdf,Nerium indicum.jpeg,
Nerium oleander,Oleander,Lung cancer,"Polyphenols,polysaccharide,oleandrin ,nerioside,flavonoids, alkaloids, steroids","Epicatechine, catechin ,chlorogenic acid,arabinose, galacturonic acid, galactose, and rhamnose",Leaves,"Kerala, Karnataka, Tamil Nadu, and Andhra Pradesh, as well as coastal regions and northern states. ",https://www.semanticscholar.org/paper/A-concise-review-on-Nerium-oleander-L.-An-important-Sinha-Biswas/aa1644c4d382427e1aa595f2aa4ea24359a64dda,Nerium oleander.jpeg,
Nigella sativa,"Black cumin, black seeds, or kalonji","Lung Cancer, Kidney Cancer, Liver Cancer, Prostate Cancer, Breast Cancer","Monoterpene, alkaloids","Thymoquinone, dithymoquinone,nigellicimine,nigellidine",Seeds and oil,"West Bengal, Punjab, Jharkhand, Himachal Pradesh, Bihar, Assam",https://doi.org/10.1016/B978-0-12-817592-7.00023-X,Nigella sativa.jpeg,
Nothapodytes nimmoniana,"Peenari , Pulippacha","Lung, colon, ovarian cancers",Alkaloid,"Camptothecin, Secologanin","Root, leaf, bark","Western Ghats, India.",https://doi.org/10.1016/j.sajb.2023.03.008,Nothapodytes nimmoniana.jpeg,
Ocimum sanctum,Holy basil or tulsi,"Skin Cancer, Liver Cancer, Oral Cancer, and Lung cancers",Phenol,"Eugenol, rosmarinic acid, apigenin, myretenal, luteolin, β–sitosterol, and carnosic acid",Leaves,North central India,https://doi.org/10.1007/978-981-13-7248-10,Ocimum sanctum.jpeg,
Oenanthe javanica,Water dropwort,Colon cancer,"Onoterpenoid alkaloids, coumarin ","Corynanthe, Methoxsalen, Isopimpinellin, Bergapten","Leaves, stem, and roots","Kashmir, Himachal Pradesh, Punjab, Uttar Pradesh, West Bengal, Sikkim, Arunachal Pradesh",https://link.springer.com/book/10.1007/978-981-32-9147-8,Oenanthe javanica.jpeg,
Oldenlandia affinis,"Diamond flower, Daman pappar","Lung cancer, intestinal cancer, and breast cancer.",Flavonoid,"Rutin, Oleanolic acid",Entire plant,"Hill slopes at elevations up to 1,200 meters",https://link.springer.com/book/10.1007/978-981-32-9147-8,Oldenlandia affinis.jpeg,
Oldenlandia diffusa,"Bhuinimba, Bhumyamalaki, and Kariyat.",Lung cancer,"Iridoid glycosides:,Flavonoids,Polyphenols,Triterpenoids,Alkaloids,Polysaccharides","Speruloside, deacetylasperulosidic acid,loganic acid,aempferol, quercetin,apigenin ,chlorogenic acid ,caffeic acidm,oleanolic acid,ursolic acid,strictosamide ,strictosidine","Stems, leaves,  flowers","Western Ghats, Eastern Ghats, central, northern, and southern India",https://www.researchgate.net/publication/325806191_Traditional_Medicinal_Plants_and_their_therapeutic_potential_against_major_cancer_types,Oldenlandia diffusa.jpeg,
Olea ferrugenia,Wild olive,Primary bone tumor,Lipophilic organic compound,Butylated Hydroxytoluene,Entire plant,Jammu and Kashmir to Uttarakhand,https://link.springer.com/book/10.1007/978-981-32-9147-8,Olea ferrugenia.jpeg,
Ophiorrhiza mungos,Indian snake root,Lung cancer,Alkaloid,"Methoxycamptothecin, Camptothecin",Root and stem,Western Ghats of Kerala,https://link.springer.com/book/10.1007/978-981-32-9147-8,Ophiorrhiza mungos.jpeg,
Oroxylum indicum,Indian trumpet tree,"Liver cancer, nasopharyngeal cancer","Polyphenols,flavonoids","Baicalein, Biochanin A, Oroxylin A, Chrysin, and Apigenin",Root and Bark extracts,"Himalayan foothills, Eastern and Western Ghats, and North East India",https://www.ijpsr.info/docs/IJPSR16-07-10-014.pdf,Oroxylum indicum.jpeg,
Oryza sativa,Rice,"Stomach, breast, and oral cancer",Anthocyanidin,"Cyanidin, Malvidin",Seed,"Assam, Bihar, Chhattisgarh, Haryana, Punjab, Gujarat, Andhra Pradesh, Odisha",https://link.springer.com/book/10.1007/978-981-32-9147-8,Oryza sativa.jpeg,
Paederia foetida,Gandha Prasarini,Human prostate cancer,Pentacyclic triterpenoid,Lupeol and β-sitosterol,Leaves,"Assam, Arunachal Pradesh, Tripura, Meghalaya, Manipur, Nagaland, Sikkim, Andhra Pradesh, Mizoram, Odisha, Telangana, and the northern part of West Bengal",https://www.ijpsr.info/docs/IJPSR16-07-10-014.pdf,Paederia foetida.jpeg,
Panax ginseng,"Ashwagandha, Indian ginseng",Breast cancer,Steroid saponins,"Ginsenosides, panaxosides",Roots,"Madhya Pradesh, Gujarat, Punjab, Sindh, Rajasthan, Kerala",https://doi.org/10.1016/B978-0-12-817592-7.00023-X,Panax ginseng.jpeg,
Petiveria alliacea,Guinea-hen weed and Anamu,"Neuroblastoma, primary bladder carcinoma, mammary carcinoma, sarcoma, and melanoma.",Organosulfide,Dibenzyl trisulfide,Root,The waste lands of Thiruvananthapuram district in Kerala,https://link.springer.com/chapter/10.1007/978-3-319-93997-1_5,Petiveria alliacea.jpeg,
Phaleria macrocarpa,"Mahkota Dewa, Pau, Makuto Rojo","Breast cancer, brain tumor","Lignan, alkaloids and saponins","Pinoresinol, Phalerin, gallic acid, Icaricide C, magniferin, mahkoside A, dodecanoic acid, palmitic acid, des-acetylflavicordin-A, flavicordin-A, flavicordin-D, flavicordin-A glucoside",Stem,North Eastern India,https://doi.org/10.1016/j.genrep.2019.100553,Phaleria macrocarpa.jpeg,
Phaseolus vulgaris,French bean,Colon and prostate cancer,"Polyphenols, flavonoids","Kaempferol, quercetin 3-O-glucoside",Fruit,Western Himalayas of Jammu and Kashmir,https://link.springer.com/chapter/10.1007/978-3-642-29974-2_13,Phaseolus vulgaris.jpeg,
Phyllanthus amarus,Bhumyaamalaki,Cervical cancer,"Alkaloid,Flavonoids, polyphenolic compounds ,glycosides","Lignans,Lignans,vitamin C, vitamin E, and beta-carotene","Leaves,Stems,Bark,Roots",Throughout India,https://www.researchgate.net/publication/257435648_Therapeutic_Plants_of_Ayurveda_A_Review_on_Anticancer,Phyllanthus amarus.jpeg,
Phyllanthus niruri,"Bhumi Amla,Jar-amla, Bhui-amla, Jangli-amla",Prostate cancer ,"Polyphenol, flavonoids","Ellagitannins, gallotannins",Methanolic extracts,Tropical coastal areas,https://www.ijpsr.info/docs/IJPSR16-07-10-014.pdf,Phyllanthus niruri.jpeg,
Phytolacca acinosa,"Indian pokeweed, Himalayan pokeberry,Indian poke, Indian pokeberry","Lung cancer, breast cancer, and cancer of lymph nodes","Tannin, ester of palmitic acid","Acinospesigenin,Gamma-aminobutyric acid, Myristyl palmitate, Esculentic acid",Bark,Temperate eastern India and the Himalayas,https://link.springer.com/book/10.1007/978-981-32-9147-8,Phytolacca acinosa.jpeg,
Picrorrhizia kurroa,"Kutki, Indian gentian",Human breast cancer,Iridoid glycosides ,"Picrorrhizia (kutki) Picrosides I, II, III and kutkoside",Rhizome and roots,"Himalayan region of India, from Kashmir to Sikkim",https://doi.org/10.1016/B978-0-12-817592-7.00023-X,Picrorrhizia kurroa.jpeg,
Piper betel,"Pepper, Betel","Colorectal cancer, oral cancer, and tumor",Alkaloids,"Aristolactams, 4,5-Dioxoaporphines",Leaves,"Bengal, Bihar, Orissa, Andhra Pradesh, Karnataka, Uttar Pradesh and Tamilnadu",https://link.springer.com/book/10.1007/978-981-32-9147-8,Piper betel.jpeg,
Piper boehmerifolium,Kathali champa,"Breast cancer, lung cancer, cervical cancer, prostate cancer, gastric cancer, uterine cancer, and colon cancer",Phenolic monoterpenoid,Carvacrol,Root,Western Ghats,https://link.springer.com/book/10.1007/978-981-32-9147-8,Piper boehmerifolium.jpeg,
Piper chaba,"Long pepper, Indian long pepper, Lindi piper, Pipalli",Breast cancer and tumor,Alkaloid,Corynanthe,Fruit,Tripura and West Bengal,https://link.springer.com/book/10.1007/978-981-32-9147-8,Piper chaba.jpeg,
Piper cubeba,Kankola,Breast cancer ,"Phenol, flavonoids, monoterpenes",β-elemene and β-cubebene,"Seeds, leaves","Tropical and subtropical regions, especially in Mysore, India",https://www.ijpsr.info/docs/IJPSR16-07-10-014.pdf,Piper cubeba.jpeg,
Piper latifolium,Dipli-chueak,Breast cancer and tumor,Monosaccharide,D-Xylose,Leaves,"West Bengal, Eastern Uttar Pradesh,Madhya Pradesh, Maharashtra, Kerala, Karnataka and Tamil Nadu",https://link.springer.com/book/10.1007/978-981-32-9147-8,Piper latifolium.jpeg,
Piper longum,"Long pepper, Pippali",Breast cancer,Alkaloid,Pippalartine,Fruits,"The tropical rainforests of India, including the central Himalayas, Assam, Khasi, Mikir hills, lower Bengal, and evergreen forests of Kerala",https://www.ijpsr.info/docs/IJPSR16-07-10-014.pdf,Piper longum.jpeg,
Piper nigrum,"Black Pepper, Kali Mirch, Kali Miri, and Kurumulaku","Colon, breast and lung cancer",Alkaloids,Piperine ,Root and seed,"Kerala, Karnataka and Tamil Nadu and to a limited extent in Maharashtra, North eastern states and Andaman & Nicobar Islands.",https://doi.org/10.5530/pj.2011.23.1,Piper nigrum.jpeg,
Piper sylvaticum,"Pahari pipul, Mountain long pepper",Breast cancer,Phenol,"Aristolactam, Sylvatesmin",Root,"Northeast of India, in the subtropical rainforests of the sub-Himalayan semi-evergreen forest, and in wet areas in forests",https://link.springer.com/book/10.1007/978-981-32-9147-8,Piper sylvaticum.jpeg,
Pittosporum viridiflorum,"Cheesewood, White cape beech",Prostate cancer,"Dextrin , flavonoid glycoside","Amylodextrin, Ruvoside",Whole plant,Kerala,https://link.springer.com/book/10.1007/978-981-32-9147-8,Pittosporum viridiflorum.jpeg,
Plantago ovate,"Isabgol, Ashwagolam",Colon cancer ,"Phenols, polysaccharides","Arabinoxylans, luteolin-7-O-β-glycoside",Seed,Gujarat and some parts of Rajasthan,https://doi.org/10.1007/978-981-13-7248-6,Plantago ovate.jpeg,
Pleione bulbocodioides,Window Sill Orchid,Gastric cancer,Flavonoid,Luteolin,Tuber and stem,Himalayas,https://link.springer.com/book/10.1007/978-981-32-9147-8,Pleione bulbocodioides.jpeg,
Plumbago zeylanica,"Chitramula, chitrak","Breast cancer, hepatoma, leukemia, melanoma, prostate cancer","Triterpenoids, flavonoids, alkaloids,","Plumbagin, isoshinanolone, plumbagic acid","Root, leaves, stem","Uttar Pradesh, West Bengal, Maharashtra, South India, Assam, Bihar, Rajasthan, and Tamil Nadu",https://clinphytoscience.springeropen.com/articles/10.1186/s40816-021-00271-7,Plumbago zeylanica.jpeg,
Podophyllum emodi,Himalayan May-apple,Testicular and lung cancer,"Lignan,Flavonoids,Resins and Essential Oils","Podophyllotoxin,Tannins",Rhizome,Temperate forests of the Himalayas,https://www.researchgate.net/publication/257435648_Therapeutic_Plants_of_Ayurveda_A_Review_on_Anticancer,Podophyllum emodi.jpeg,
Podophyllum hexandrum,Himalayan Mayapple,"Sarcomas, adenocarcinoma and melanoma",Podophyllotoxin,"Etoposide, teniposide",Rhizome,"Northern India, Kashmir",https://www.sciencedirect.com/science/article/abs/pii/S1043661804001094?via%3Dihub,Podophyllum hexandrum.jpeg,
Podophyllum peltatum,Mayapple ,Leukemia,Tetralin lignan,Podophyllotoxin,Rhizome,Indian cold desert,https://www.researchgate.net/publication/355809162_Unravelling_the_Anticancer_Mechanisms_of_Traditional_Herbal_Medicines_with_Metabolomics,Podophyllum peltatum.jpeg,
Polyalthia longifolia,Ashoka,Lymphoma,Alkaloid,"Oxopolyalthiaine, noroliveroline ","Stem, leaves, stem bark",Drier regions of southern India,https://www.ijpsr.info/docs/IJPSR16-07-10-014.pdf,Polyalthia longifolia.jpeg,
Poncirus trifoliata,Tang-ja-na-moo,Breast cancer cells,"Flavonoids,Alkaloids,Citrus Bioflavonoids,Pectin,Acids,Vitamins and Minerals","Rutin, naringin,hesperidin, hesperidin,naringin, citric acid ,malic acid","Fruits,Leaves,Roots","Himachal Pradesh,Uttarakhand,Sikkim,Darjeeling,Kodaikanal",https://www.researchgate.net/publication/257435648_Therapeutic_Plants_of_Ayurveda_A_Review_on_Anticancer,Poncirus trifoliata.jpeg,
Pongamia glabra,Indian beech,Breast cancer,"Chalcones, flavones","Lonchocarpin, Lanceolatin",Bark and root,"Eastern Himalayas, South India",https://link.springer.com/book/10.1007/978-981-32-9147-8,Pongamia glabra.jpeg,
Pongamia pinnata,Karanja,Breast cancer and epithelial cancer,Flavanol,Tunicatachalcone,Stem and bark,Western Ghats,https://link.springer.com/book/10.1007/978-981-32-9147-8,Pongamia pinnata.jpeg,
Psidium guajava,Pera,Lung cancer,"Vitamin C,Dietary Fiber,Antioxidants,Tannins,Vitamins and Minerals","D-glucuronic acid, quercetin 3-glucuronide, loganin, and xanthyletin",Leaves,"Uttar Pradesh, Bihar, Maharashtra, Andhra Pradesh, Tamil Nadu, Karnataka, West Bengal, Gujarat, Rajasthan, Punjab, and Haryana",https://www.plantsjournal.com/archives/2015/vol3issue6/PartA/3-5-33.pdf,Psidium guajava.jpeg,
Psoralea corylifolia,"Babchi, bakuchi ",Colon cancer,Coumarin,"Bavachinin and psoralen, psoralidin",Seeds,"Central India and Eastern part of Rajasthan, Punjab, Uttar Pradesh",https://doi.org/10.1016/B978-0-12-817592-7.00023-X,Psoralea corylifolia.jpeg,
Pterocarpus marsupium,"Malabar kino, Indian kino tree, or Vijayasar",Breast and prostate cancer,"Stilbenoid , phytoalexin","Pterostilbene, Resveratrol",Leaves Flowers,"Central, western, and southern regions of India",https://link.springer.com/book/10.1007/978-981-32-9147-8,"Pterocarpus marsupium
.jpeg",
Punica granatum,Pomegranate,"Prostate cancer, Human breast cancer ",Polyphenols,"Punicalagin, punicalin, ellagic acid, and caffeic acid","Aqueous pericarp extract, seed oil","Maharashtra, Gujarat, Karnataka, Andhra Pradesh, Tamil Nadu, Madhya Pradesh, and Rajasthan",https://www.ijpsr.info/docs/IJPSR16-07-10-014.pdf,Punica granatum.jpeg,
Pygmaeopremna herbacea,Grass smelly yellow viper,Lung cancer,Flavone,"Linoleic acid, Scutellarein",Root,"Andhra Pradesh, Arunachal Pradesh, Assam, Bihar, Kerala, Madhya Pradesh, Maharashtra, Odisha, Sikkim, Tamil Nadu, Uttar Pradesh",https://link.springer.com/book/10.1007/978-981-32-9147-8,Pygmaeopremna herbacea.jpeg,
Radix glycyrrhizae,Licorice root,Lung cancer,"Flavonoids,Coumarins,Triterpenoids,glycosides,Polysaccharides","Liquiritigenin, isoliquiritigenin,glabridin, herniarin,umbelliferone,ursolic acid,oleanolic acid,Saponins",Roots,"Uttar Pradesh, Rajasthan, Himachal Pradesh, Haryana, Punjab, and Madhya Pradesh",https://www.researchgate.net/publication/325806191_Traditional_Medicinal_Plants_and_their_therapeutic_potential_against_major_cancer_types,Radix glycyrrhizae.jpeg,
Raphanus sativus,"Mulaka, radish ",Human breast cancer,Quinone,Sulforaphane,Aerial parts,"Uttar Pradesh, Maharasthra",https://www.ijpsr.info/docs/IJPSR16-07-10-014.pdf,Raphanus sativus.jpeg,
Rhazya stricta,"Harmal, Sihar, Hisawarg",Colon cancer and hepatocellular carcinoma,Alkaloid,Ebureine,Leaves,North Western parts of India,https://link.springer.com/book/10.1007/978-981-32-9147-8,Rhazya stricta.jpeg,
Rheum emodi,"Rhubarb, Dolu, Revandachini","Human breast carcinoma, human hepatocellular carcinoma, human prostate cancer",Quinones,Anthraquinone,Rhizome,"The temperate Himalayas, from Kashmir to Sikkim, at an elevation of 2000–3800 m",https://www.ijpsr.info/docs/IJPSR16-07-10-014.pdf,Rheum emodi.jpeg,
Rhus chinensis,Heimang,Human colon cancer,Quassinoid,"Bruceoside B, Brucein C, Brucein D",Leaves,Manipur,https://link.springer.com/book/10.1007/978-981-32-9147-8,Rhus chinensis.jpeg,
Ricinus communis,Castor bean or castor oil plant,Human melanoma,Monoterpenoids,"1,8-cineole, camphor and alpha-pinene, and a sesquiterpenoid: beta-caryophyllene, Ricin",Leaves,Throughout India,https://www.ijpsr.info/docs/IJPSR16-07-10-014.pdf,Ricinus communis.jpeg,
Rubia cordifolia,"Manjistha, or Indian Madder","Human Leukemia, human histolytic lymphoma",Anthraquinone,"Rubidianin, rubiadin, rosemary acids, purpurin, alizarin,xanthopurpurin",Root,Northwest Himalayas,https://doi.org/10.1016/B978-0-12-817592-7.00023-X,Rubia cordifolia.jpeg,
Ruellia tuberosa,"Minnieroot, Snapdragon root, Fever root, Sheep potato, Iron root, Cracker plant",Human ovarian cancer,"Polyunsaturated hydrocarbon, phytostrerol, triterpenoid","Squalene, Beta-sitosterol, Lupeol",Tuber,Coastal alluvial soils in India,https://link.springer.com/book/10.1007/978-981-32-9147-8,Ruellia tuberosa.jpeg,
Saraca asoca,"Kankeli, Ashoka, Ashokapatta",Leukemia,"Alkaloids, phtosterol, Fatty acids","Oleic, linoleic, palmitic and stearic acids,P-sitosterol, quercetin, kaempferol- 3-0-P-D- glucoside, quercetin- 3-0-P-D-glucoside, apigenin-7-0-p-D-glucoside, pelargonidin- 3, 5- diglucoside, cyanidin-3, 5-diglucoside, palmitic, stearic, linolenic, linoleic, p and y sitosterols, leucocyanidin and gallic acid",Flowers,Throughout India,https://www.jocpr.com/articles/saraca-asoca-ashoka-a-review.pdf,Saraca asoca.jpeg,
Saussurea lappa,"Costus, Postkhai, Kot, Kushta ","Lung Cancer, Breast Cancer and Prostate cancer",Sesquiterpene lactone,"Costunolide, Isodihydrocostunolide, cynaropicrin",Roots,"Sub alpine region of Jammu and Kashmir, Himachal Pradesh and Uttarakhand",https://doi.org/10.1007/978-981-13-7248-11,Saussurea lappa.jpeg,
Semecarpus anacardium,"Bhallika, Bhallataka, Bhela","Colorectal carcinoma, breast cancer","Terpenoid, flavonoids","Biflavones A, C, A1, and A2",Dried fruits,"Punjab, Assam, Khasi Hills, Madhya Pradesh, and Peninsular India",https://onlinelibrary.wiley.com/doi/10.1002/ptr.1501,Semecarpus anacardium.jpeg,
Serenoa repens,Saw palmetto,Prostate Cancer,"Fatty acids,Phytosterols,Flavonoids,Tannins,Polysaccharides","Lauric acid, oleic acid,linoleic acid,beta-sitosterol, stigmasterol, campesterol,quercetin, kaempferol,luteolin,resins",Ripe berries,Throughout India,https://www.researchgate.net/publication/325806191_Traditional_Medicinal_Plants_and_their_therapeutic_potential_against_major_cancer_types,Serenoa repens.jpeg,
Sida cordifolia,Bala,"Human colon cancer cells, human leukemia cells",Alkaloid,Cryptolepine,Whole plant extract isolate,Western Ghats,https://link.springer.com/chapter/10.1007/978-981-10-8548-2_22,Sida cordifolia.jpeg,
Silybum marianum,Marian Thistle,"Lung,gastric cancer","Flavonoid,Silymarin,Phytosterols,Fatty Acids","Silybin (also called silibinin), silychristin, silydianin,taxifolin, quercetin, kaempferol,beta-sitosterol,linoleic acid, oleic acid, palmitic acid,zinc, selenium",Seeds,"Uttar Pradesh, Punjab, Haryana, Rajasthan, Gujarat, Madhya Pradesh, and Tamil Nadu",https://www.researchgate.net/publication/257435648_Therapeutic_Plants_of_Ayurveda_A_Review_on_Anticancerr,Silybum marianum.jpeg,
Smilax zeylanica,"Kumujja loti,Vana madhusnuhi",Skin cancer,"Glycosides,Flavonoids,Sterols,Phenolic Compounds,Alkaloids,Polysaccharides,tannins","Saponins, β-sitosterol,stigmasterol,phenolic acids",Roots,"Kerala, Karnataka, Tamil Nadu, Andhra Pradesh, Odisha, West Bengal, Bihar, Jharkhand, and parts of Maharashtra",https://go.gale.com/ps/i.do?id=GALE%7CA299885239&sid=googleScholar&v=2.1&it=r&linkaccess=abs&issn=19950748&p=AONE&sw=w,Smilax zeylanica.jpeg,
Solanum nigrum,Makoi or black nightshade,"Liver Cancer, Lung Cancer and Breast  Cancer",Glycoside,Diosgenin,Aqueous extract,"Andhra Pradesh,Arunachal Pradesh,Bihar,Chattisgarh,Haryana,Jammu and Kashmir, Jharkhand, Karnataka","https://www.ncbi.nlm.nih.gov/pmc/articles/PMC10773844/#:~:text=nigrum%20has%20exhibited%20in%20vitro,metastasis%20in%20melanoma%20(31).",Solanum nigrum.jpeg,
Solanum xanthocarpum,"Kantakari, yellow-fruit nightshade",Leukemia,"Flavonoids, phenols","Catechins, ellagic acid",Fruit,Throughout India,https://www.ijpsr.info/docs/IJPSR16-07-10-014.pdf,Solanum xanthocarpum.jpeg,
Sphagneticola calendulacea,Pilabhangara,Brain tumors,"Coumestan, flavonoid","Wedelolactone, Luteolin, Apigenin","Leaves, Seed, Flower","Mangaluru, Karnataka, and Manipal",https://link.springer.com/book/10.1007/978-981-32-9147-8,Sphagneticola calendulacea.jpeg,
Stereospermum chelonoides,"Padhal, Podal, Parul",Tumours,Naphthoquinone,Lapachol,Root,Central and North-Eastern India,https://link.springer.com/book/10.1007/978-981-32-9147-8,Stereospermum chelonoides.jpeg,
Stevia rebaudiana,"Stevia, Sweet Leaves, Sugar Leaves, Sweet Honey Leaves, Rebiana",Human breast cancer,Glycoside,"Stevioside, steviolbioside, steviolmonoside, rebaudioside (A to F)",Leaves,"Maharashtra, Punjab, Karnataka, Chhattisgarh, Madhya Pradesh and Andhra Pradesh",https://doi.org/10.1007/978-981-13-7248-7,Stevia rebaudiana.jpeg,
Strychnos nux-vomica,"Kajara, kuchila",Lliver cancer,Alkaloids,"Strychnine , brucine,protostrychnine, vomicine, n-oxystrychnine, pseudostrychnine, isostrychnine, chlorogenic acid",Seeds,"Evergreen forests of West Bengal, Bihar, Maharashtra, Odisha, Central and South India",https://doi.org/10.1007/978-981-13-7248-5,Strychnos nux-vomica.jpeg,
Suregada multiflora,False lime,Breast cancer,Diterpene lactone,Suregadolide C,Wood,"Andhra Pradesh, Odisha, Kerala, Chattisgarh",https://link.springer.com/book/10.1007/978-981-32-9147-8,Suregada multiflora.jpeg,
Swertia chirayta,"Chirata, Kirata-tikta","Human breast cancer,Human colon cancer,prostate cancer","Iridoids,Xanthones,Alkaloids,Flavonoids,Terpenoids","Chiratanin, swertiamarin, amarogentin,sweroside,Chiratone, isochiratone,methyl swertianin,rutin ,quercetin, β-sitosterol ",Whole plant,Himalayas and in hills of Meghalaya.,http://pu.edu.pk/images/journal/zology/PDF-FILES/24-31_2_16.pdf,Swertia chirayta.jpeg,
Syzygium aromaticum,Clove,"Colon, stomach, breast","Phenolic compound, sesquiterpene,flavonoid","Eugenol,Acetyleugenol,Quercetin.Kaempferol,Tannins,Caryophyllene",Flower buds,"Kerala and Tamil Nadu, Western Ghats and Nilgiri Hills ",https://japer.in/article/biological-activities-of-some-indian-medicinal-plants,Syzygium aromaticum.jpeg,
Syzygium cumini,"Java/Black plum, Malabar plum","Cervical cancer, Breast cancer","Phenolics, Terpenoids","Oleanolic acid, betulinic acid, and dimethyl cardamonins, epigallocatechin, samarangensis A and B, pinocembrin","Fruit extract, leaf, seed ","Indo-Gangetic plains in the north to Tamil Nadu, Madhya Pradesh",https://www.ijpsr.info/docs/IJPSR16-07-10-014.pdf,Syzygium cumini.jpeg,
Tabernaemomtana divaricata,Chameli,Laryngeal cancer,"Indole Alkaloids,Tannins,Flavonoids,Essential Oils","Apocynin,Carotenoids,Sterols","Leave,Bark,Roots,Flowers",Throughout India,https://www.researchgate.net/publication/257435648_Therapeutic_Plants_of_Ayurveda_A_Review_on_Anticancer,Tabernaemomtana divaricata.jpeg,
Tanacetum gracile,Feverfew,Breast cancer ,Monoterpene,"Lavendulol, lavendulol acetate, alpha-pinene, 1,8-cineole, CIS-beta-ocimene, borneol, limonene and chamazulene",Entire plant,Old deserts and stony slopes of the Himalayas,https://doi.org/10.5530/pj.2011.23.1,Tanacetum gracile.jpeg,
Taxus brevifolia,Himalayan yew,"Breast Cancer, Lung Cancer and Ovarian Cancer",Alkaloid,Cepholomannine,Bark,"Himalayan region of India, from Kashmir to Sikkim",https://doi.org/10.1016/B978-0-12-817592-7.00023-X,Taxus brevifolia.jpeg,
Terminalia arjuna,Arjuna tree,"Lung cancer, human breast adenocarcinoma","Tannins, triterpenoid saponins, flavonoids, tannin","Luteolin, gallic acid, ellagic acid, oligomeric proanthocyanidins, Casuarinin,Ursolic acid","Leaves,stem, and bark","Uttar Pradesh, Bihar, Maharashtra, Madhya Pradesh, West Bengal, Odisha ",https://link.springer.com/chapter/10.1007/978-3-319-93997-1_5,Terminalia arjuna.jpeg,
Terminalia bellirica,"Bibhitaki/Baheda, Triphala ",Oral cancers,"Triterpenoids,Gallic Acidm,Ellagic Acid,Flavonoids,Tannins,Lignans","Galactose, Fructose,sitosterol,Mannitol",Fruit pulp,"Uttar Pradesh, Madhya Pradesh, Maharashtra, Karnataka, Tamil Nadu, Kerala, and Assam",https://www.thepharmajournal.com/vol3Issue7/19.1.html,Terminalia bellirica.jpeg,
Terminalia catappa,Badam,"Breast, lung cancer","Triterpenoids,Flavonoids,Tannins,Phenolic acids,Saponins,Alkaloids","Ursolic acidphenolic acids, gallic acid ,ellagic acid,oleanolic acid,nitrogen-containing compounds","Leaves , bark","Across India, including coastal areas, southern, eastern, and northeastern states, as well as the Andaman and Nicobar Islands.",https://www.plantsjournal.com/archives/2015/vol3issue6/PartA/3-5-33.pdf,Terminalia catappa.jpeg,
Terminalia chebula,"Haritaki or myrobalan,Harade,Kadukkai,Alale,Himmej","Human Leukemia, Colon Adenocarcinoma, Human breast cancer, Human Osteosarcoma, Human Prostate Cancer",Ellagitannin,"Chebulinic acid,tannic acid and ellagic acid",Acetone extract of bark and fruit powder,"Sub Himalayan tracks from Ravi eastwards to West Bengal and Assam,Northern India, central provinces and Bengal, common in Madras, Mysore","https://www.ncbi.nlm.nih.gov/pmc/articles/PMC3631759/#:~:text=Anticarcinogenic%20activity,chebula%5B31%5D.",Terminalia chebula.jpeg,
Thea sinensis,Tea,Breast cancer,"Flavonoid,amino acid,Vitamins and Minerals","Polyphenols,Catechins","Leaves,leaf buds","Assam, Darjeeling, Nilgiris, Kangra, Dooars-Terai, and Sikkim.",https://www.researchgate.net/publication/257435648_Therapeutic_Plants_of_Ayurveda_A_Review_on_Anticancer,Thea sinensis.jpeg,
Thespesia populnea,"Indian tulip tree, Portia tree",Breast cancer,Sequesterpenoids,Mansonone and gossypol,Bark,Tropical forests in India,https://link.springer.com/chapter/10.1007/978-3-319-93997-1_5,Thespesia populnea.jpeg,
Thunbergia laurifolia,"Blue trumpet vine, Laurel clock vine",Human breast cancer,Iridoid glucoside,"8-Epi-grandifloric acid, 3′-O-β-Glucopyranosylstilbericoside, Benzyl β-glucopyranoside, Benzyl β-(2′-O-βglucopyranosyl) glucopyranoside, Grandifloric acid, (E)-2-hexenyl β-glucopyranoside, Hexanol β-glucopyranoside, 6,8-Di-C-glucopyranosylapigenin",Entire plant,West Bengal,https://link.springer.com/book/10.1007/978-981-32-9147-8,Thunbergia laurifolia.jpeg,
Tiliacora racemosa,"Tiliacoru, Kelelata or Bhaglata,","Human leukaemic cell, human breastadenocarcinoma, cervical carcinoma cells",Alkaloids,Bisbenzylisoquinoline,Roots,"Andhra Pradesh, Bihar, Kerala, and Madhya Pradesh.",https://onlinelibrary.wiley.com/doi/10.1002/ptr.1501,Tiliacora racemosa.jpeg,
Tinospora cordifolia,"Heart-leaved moonseed,Guduchi in Sanskrit and Giloy in Hindi","Prostate Cancer, Human Breast Cancer","Alkaloids, Glycosides","Berberine, Choline, Tembetarine, Magnoflorine, Tinosporin, Palmetine,Isocolumbin, Aporphine, alkaloids, Jatrorrhizine, Tetrahydropalmatine* *18-norclerodane glucoside, Furanoid diterpene glucoside, Tinocordiside, Tinocordifolioside, Cordioside, Cordifolioside,Syringin, Syringin-apiosylglycoside, Pregnane glycoside,Palmatosides,Cordifolioside A, B, C, D and E","Stem, root",Throughout India,https://www.plantsjournal.com/vol2Issue2/Issue_feb_2014/1-5-11.1.pdf,Tinospora cordifolia.jpeg,
Toddalia asiatica,"Kanj, Milakarani, Kanchana ",Human lung carcinoma,Alkaloids,"8-methoxydihydrochelerythrine, dihydronitidine and dihydroavicine",Ethanolic extract of the dried stem,"Orissa, Andhra Pradesh",https://www.florajournal.com/archives/2015/vol3issue5/PartA/4-5-13-903.pdf,Toddalia asiatica.jpeg,
Tribulus terrestris,"Bindii, Gokshur",Human prostate cancer,Saponin,Terrestrosin D,Leaves,West Rajasthan and Gujarat,https://www.ijpsr.info/docs/IJPSR16-07-10-014.pdf,Tribulus terrestris.jpeg,
Trigonella foenumgraecum,"Methika, Fenugreek","Breast cancer, Hepatocellular Carcinoma, human colon cancer","Saponin, alkaloids","Diosgenin, trigonelline",Seed,"Rajasthan, Gujarat, Madhya Pradesh, Uttar Pradesh, Maharashtra, and Punjab",https://www.ijpsr.info/docs/IJPSR16-07-10-014.pdf,Trigonella foenumgraecum.jpeg,
Tylophora indica,"Aadumuttad, Aantmool",Lung cancer,Alkaloid,Tylophorine,"Root, leaf, flower","Peninsular India, extending to Bihar, Orissa, West Bengal, and north-eastern states",https://link.springer.com/book/10.1007/978-981-32-9147-8,Tylophora indica.jpeg,
Typhonium flagelliforme,Karinthakara,"Breast, lung and liver cancer","Pheophytin, phytosterol","Pheophorbide-a, Pyropheophorbide-a, Methyl pyropheophorbideahexadecanoic acid,  Campesterol, Stigmasterol","Leaves, Root",The southern part of India,https://link.springer.com/book/10.1007/978-981-32-9147-8,Typhonium flagelliforme.jpeg,
Urtica dioica,Bichhua pattee/Bicchu Buti,Prostate Cancer,"Triterpenes,Sterols,Lipids,Amino Acids,flavonoids","Beta-sitosterol,linoleic acid,alpha-linolenic acid,histidine, lysine,arginine,folate,riboflavin","Leaves,Roots,Seeds","Himalayan Region,North-Eastern States of india,Western Ghats",https://www.researchgate.net/publication/325806191_Traditional_Medicinal_Plants_and_their_therapeutic_potential_against_major_cancer_types,Urtica dioica.jpeg,
Uvaria grandiflora,"Latkan , Zawl-thei, Taipak ",Human Breast cancer,Benzoate ester,Zeylenol,Stem,NE India,https://link.springer.com/book/10.1007/978-981-32-9147-8,Uvaria grandiflora.jpeg,
Vernonia amygdalina,Bitterleaf,Breast cancer,"Sesquiterpene Lactones,Flavonoids,Alkaloids,Polyphenols,Essential Oils","Vernodalin, vernolide,vernodalol,luteolin, quercetin,kaempferol,vernonioside, vernoniosine, vernoniamine,tannins and phenolic acids","Leaves,Roots,Seeds,Stems and Bark",Throughout India,https://www.researchgate.net/publication/257435648_Therapeutic_Plants_of_Ayurveda_A_Review_on_Anticancer,Vernonia amygdalina.jpeg,
Vernonia cinerea,Sahadevi,Gastrointestinal cancer,"Lavonoids, alkaloids, phenolic acids ","Terpenoids,Sesquiterpene Lactones",Leaves,"Kerala, Karnataka, Tamil Nadu, Andhra Pradesh, West Bengal, Odisha, Maharashtra, Gujarat, Madhya Pradesh, Uttar Pradesh, Punjab, and Haryana.",https://www.plantsjournal.com/archives/2017/vol5issue1/PartA/4-6-26-508.pdf,Vernonia cinerea.jpeg,
Vinca rosea,Periwinkle,"Germ cell tumors, Hodgkin lymphoma, non-Hodgkin lymphoma, choriocarcinoma, neuroblastoma, and lung cancer ",Alkaloids,Vincristine and vinblastine,"Leaves,stem","Punjab, Haryana, Uttar Pradesh",https://www.researchgate.net/publication/257435648_Therapeutic_Plants_of_Ayurveda_A_Review_on_Anticancerr,Vinca rosea.jpeg,
Viscum album,Mistletoe,Breast and gynecological cancers,"Alkaloids,Flavonoids","Lupenol,Viscotoxin,Digallic acid",Leaves,Kashmir,https://ijair.org/administrator/components/com_jresearch/files/publications/IJAIR_2569_FINAL.pdf,Viscum album.jpeg,
Vitex negundo,"Nirgundi, Sambhalu",Human hepatoma,"Flavonoids, flavonoids glycosides, phenolic compounds, terpenes, and phyto steroids","Artemetin, vitexicarpin, penduletin ","Leaves, flowers",Nallamala Hills of India,https://www.ijpsr.info/docs/IJPSR16-07-10-014.pdf,Vitex negundo.jpeg,
Vitex rotundifolia,"Roundleaf chastetree, beach vitex",Human breast cancer,Flavonoid,Casticin,Fruit,Southern India,https://doi.org/10.1016/j.genrep.2019.100553,Vitex rotundifolia.jpeg,
Vitis vinifera,"Draksha, grape",Oral squamous carcinoma,Polyphenolics,Resveratol,Leaves and fruit,"Maharashtra, Karnataka, Andhra Pradesh, and Tamil Nadu",https://www.ijpsr.info/docs/IJPSR16-07-10-014.pdf,Vitis vinifera.jpeg,
Withania somnifera,"Ashwagandha , Indian Winter cherry","Human prostate cancer, Breast cancer, Cervical carcinoma, Pancreatic cancer",Steroidal lactone,"Withanolides, Withaferin","Root, leaves","Rajasthan, Punjab, Haryana, Uttar Pradesh, Gujarat, Maharashtra and Madhya Pradesh ",https://doi.org/10.1016/B978-0-12-817592-7.00023-X,Withania somnifera.jpeg,
Zanthoxylum acanthopodium,Andaliman,"Breast, lung, colorectal, and human cervical cancer","Divanilloylquinic acid, carotenoid","Burkinabin C, Lutein",Fruit,"Arunachal Pradesh, Assam, Manipur, Meghalaya, Mizoram, Nagaland, Sikkim, Uttar Pradesh, and West Bengal",https://link.springer.com/book/10.1007/978-981-32-9147-8,Zanthoxylum acanthopodium.jpeg,
Zanthoxylum armatum,Winged prickly ash,"Cervical, bone, lung, and prostate cancer","Flavonoid, phytosterol","Apigenin 7-O-glucoside, Stigmasterol",Fruit,"Jammu and Kashmir, Himachal Pradesh, Uttar Pradesh, Nagaland, Manipur, Meghalaya, Orissa, and Andhra Pradesh",https://link.springer.com/book/10.1007/978-981-32-9147-8,Zanthoxylum armatum.jpeg,
Zanthoxylum oxyphyllum,Prickly ash,"Cervical, bone, lung, and prostate cancer","Alkaloid, carotenoid","Rutaceline, Lutein",Fruit,"Uttar Pradesh, West Bengal, Sikkim, Manipur, Meghalaya, and Arunachal Pradesh",https://link.springer.com/book/10.1007/978-981-32-9147-8,Zanthoxylum oxyphyllum.jpeg,
Zingiber officinale,"Adrak, Sunthi",Cervical cancer ,Phenolic compounds,"Curcumin, gingerenoneA, gingeols, shogaols, zingerone",Root and rhizome,"Karnataka, Orissa, Assam, Meghalaya, Arunachal Pradesh, and Gujarat.",https://doi.org/10.1016/B978-0-12-817592-7.00023-X,Zingiber officinale.jpeg,
Ziziphus jujube,Jujube,"Human breast,cervical cancer cells","Flavonoids,phenolic acids,Vitamins,Triterpenoids,Polysaccharides,Essential Oils,Saponin","Potassium, calcium, magnesium, iron, ursolic acid ,oleanolic acid","Fruits,Seeds,leaves,bark",Jammu and Kashmir,https://www.researchgate.net/publication/257435648_Therapeutic_Plants_of_Ayurveda_A_Review_on_Anticancer,Ziziphus jujube.jpeg,
